place_id,name,description,is_spending_on_ads,reviews,rating,competitors,website,phone,can_claim,owner_name,owner_profile_link,featured_image,main_category,categories,workday_timing,is_temporarily_closed,closed_on,address,review_keywords,link,query
ChIJdbeXHQAvdTERilQW5nk_Dgc,ThiBa,Hidden cafe,,491,4.3,"Name: This & That Coffee and Tea
Link: https://www.google.com/maps/search/This+%26+That+Coffee+and+Tea/@10.765887399999999,106.6826902?authuser=0&hl=vi&entry=ttu
Reviews: 307 reviews

Name: Coffee building
Link: https://www.google.com/maps/search/Coffee+building/@10.774021,106.7041356?authuser=0&hl=vi&entry=ttu
Reviews: 73 reviews

Name: Cà Phê Cô Ba Thì
Link: https://www.google.com/maps/search/C%C3%A0+Ph%C3%AA+C%C3%B4+Ba+Th%C3%AC/@10.7693319,106.6894281?authuser=0&hl=vi&entry=ttu
Reviews: 63 reviews

Name: Cà phê Thi - Thi Coffee
Link: https://www.google.com/maps/search/C%C3%A0+ph%C3%AA+Thi+-+Thi+Coffee/@10.769289400000002,106.68708219999999?authuser=0&hl=vi&entry=ttu
Reviews: 48 reviews

Name: TĨNH Coffee & Tea
Link: https://www.google.com/maps/search/T%C4%A8NH+Coffee+%26+Tea/@10.772468199999999,106.6893425?authuser=0&hl=vi&entry=ttu
Reviews: 2 reviews",,0705 993 839,,ThiBa (Chủ sở hữu),https://www.google.com/maps/contrib/105677912257197110334,https://lh3.googleusercontent.com/gps-cs-s/AG0ilSxuA2fBRIty-aXCDBDFuDd-3nuK-JLVj8zZXqCqqjOJhcyqZaiGBBlJltt22sk9cS4Q6pmmMAG1yzWK5dW7w4-U8CxMlU8k_XCDuUk2kspgq-VTz3rrhhZgsh3dVBW64lVhjfgv=s1024,Quán cà phê,Quán cà phê,,,Open All Days,"Hẻm 68 - 70 Sương Nguyệt Anh, Phường Phạm Ngũ Lão, Quận 1, Thành phố Hồ Chí Minh",,https://www.google.com/maps/place/ThiBa/data=!4m7!3m6!1s0x31752f001d97b775:0x70e3f79e616548a!8m2!3d10.7724682!4d106.6893425!16s%2Fg%2F11wbfg29qs!19sChIJdbeXHQAvdTERilQW5nk_Dgc?authuser=0&hl=vi&rclk=1,cà phê ở thành phố hồ chí minh
ChIJQ0tQ1covdTERyoCkM0SttZo,Bamos Coffee Quận 7 - Cà phê 24h,"Quán cà phê quận 7: Bamos Coffee mở cửa 24h. Học bài, chơi boardgame, xem trực tiếp bóng đá, nghe Acoustic, đọc sách,... tất cả đều có thể tại Bamos. Bên cạnh đó, xem Tarot chỉ từ 10k ngay khi đi cà phê cũng là một trong những hoạt động yêu thích của khách Bamos gần đây! Đến ngay Bamos, cà phê xuyên đêm, bạn nhé!

Ngại gì không ghé Bamos nếu bạn đang tìm một quán cà phê 24h gần đây!
Coffee near me, in District 7? Let's go to Bamos Coffee, opens 24h.",,1051,4.3,"Name: Amos Coffee
Link: https://www.google.com/maps/search/Amos+Coffee/@10.7385767,106.70847210000001?authuser=0&hl=vi&entry=ttu
Reviews: 373 reviews

Name: Lâm Coffee
Link: https://www.google.com/maps/search/L%C3%A2m+Coffee/@10.740037,106.7066064?authuser=0&hl=vi&entry=ttu
Reviews: 147 reviews

Name: Aloha Coffee - Quận 7
Link: https://www.google.com/maps/search/Aloha+Coffee+-+Qu%E1%BA%ADn+7/@10.7391805,106.69948049999999?authuser=0&hl=vi&entry=ttu
Reviews: 143 reviews

Name: Coffee & Bia Bảo Anh
Link: https://www.google.com/maps/search/Coffee+%26+Bia+B%E1%BA%A3o+Anh/@10.7428561,106.7077183?authuser=0&hl=vi&entry=ttu
Reviews: 1 reviews",https://bamoscoffee.com/,0707 014 095,,Bamos Coffee Quận 7 - Cà phê 24h (Chủ sở hữu),https://www.google.com/maps/contrib/109045020270036511338,https://lh3.googleusercontent.com/p/AF1QipMHpQ1iyKPRPrgQIMNdomubXt_ddYI_qykBw84-=s1024,Quán cà phê,"Quán cà phê, Quán cà phê động vật, Không gian làm việc chia sẻ, Quán cà phê internet",,,Open All Days,"130 Đ. Số 65, Tân Phong, Quận 7, Thành phố Hồ Chí Minh",,https://www.google.com/maps/place/Bamos+Coffee+Qu%E1%BA%ADn+7+-+C%C3%A0+ph%C3%AA+24h/data=!4m7!3m6!1s0x31752fcad5504b43:0x9ab5ad4433a480ca!8m2!3d10.7358027!4d106.706112!16s%2Fg%2F11rlzbv9fd!19sChIJQ0tQ1covdTERyoCkM0SttZo?authuser=0&hl=vi&rclk=1,cà phê ở thành phố hồ chí minh
ChIJEaK__vcvdTERaP9ZVUNp3XU,YoshiYoshi Coffee & Tea,YoshiYoshi là một brand trà sữa sinh ra để phục vụ đối tượng khách hàng trẻ thích chụp ảnh mà vẫn mang đến được chất lượng sản phẩm chất lượng với giá cả hợp lý.,,782,4.3,"Name: Kai Coffee - Nguyễn Thái Bình
Link: https://www.google.com/maps/search/Kai+Coffee+-+Nguy%E1%BB%85n+Th%C3%A1i+B%C3%ACnh/@10.7684341,106.6989863?authuser=0&hl=vi&entry=ttu
Reviews: 1951 reviews

Name: Cheese Coffee
Link: https://www.google.com/maps/search/Cheese+Coffee/@10.7697079,106.70284629999999?authuser=0&hl=vi&entry=ttu
Reviews: 1068 reviews

Name: 1996 Space & Coffee
Link: https://www.google.com/maps/search/1996+Space+%26+Coffee/@10.7667585,106.69982499999999?authuser=0&hl=vi&entry=ttu
Reviews: 327 reviews

Name: Từ cà phê
Link: https://www.google.com/maps/search/T%E1%BB%AB+c%C3%A0+ph%C3%AA/@10.7686876,106.69876730000001?authuser=0&hl=vi&entry=ttu
Reviews: 20 reviews

Name: Cà phê Như Ý
Link: https://www.google.com/maps/search/C%C3%A0+ph%C3%AA+Nh%C6%B0+%C3%9D/@10.768206,106.699215?authuser=0&hl=vi&entry=ttu
Reviews: 3 reviews",https://yoshiyoshivn.com/,0333 302 766,,YoshiYoshi Coffee & Tea (Chủ sở hữu),https://www.google.com/maps/contrib/111980469892856781899,https://lh3.googleusercontent.com/gps-cs-s/AG0ilSyVjH1Dqpgz4fMfc8TQ79Ba_sPzB0ZqvttgUydMmLI2Tm2EI2QVj8FEiS9xlzay2aA762rfNW_Zw37BU6f7FYe4aI0VlVrho5KO3QifIVGgi7JixAqZ9diBzeptcxWcouWtK5wy=s1024,Quán cà phê,Quán cà phê,,,Open All Days,"132 Đ. Calmette, Phường Nguyễn Thái Bình, Quận 1, Thành phố Hồ Chí Minh 100000",,https://www.google.com/maps/place/YoshiYoshi+Coffee+%26+Tea/data=!4m7!3m6!1s0x31752ff7febfa211:0x75dd69435559ff68!8m2!3d10.7690583!4d106.6986214!16s%2Fg%2F11shxx_623!19sChIJEaK__vcvdTERaP9ZVUNp3XU?authuser=0&hl=vi&rclk=1,cà phê ở thành phố hồ chí minh
ChIJ0_T-9jYpdTERIEe1bNjXu-4,The Coffee House - Nguyễn Thái Bình,,,2131,4.2,"Name: Kai Coffee - Nguyễn Thái Bình
Link: https://www.google.com/maps/search/Kai+Coffee+-+Nguy%E1%BB%85n+Th%C3%A1i+B%C3%ACnh/@10.7684341,106.6989863?authuser=0&hl=vi&entry=ttu
Reviews: 1951 reviews

Name: K COFFEE Nguyễn Thái Bình
Link: https://www.google.com/maps/search/K+COFFEE+Nguy%E1%BB%85n+Th%C3%A1i+B%C3%ACnh/@10.767889199999999,106.6980662?authuser=0&hl=vi&entry=ttu
Reviews: 245 reviews

Name: 36 The Coffee & Tea
Link: https://www.google.com/maps/search/36+The+Coffee+%26+Tea/@10.7696013,106.69993869999999?authuser=0&hl=vi&entry=ttu
Reviews: 4 reviews

Name: Tứ Café
Link: https://www.google.com/maps/search/T%E1%BB%A9+Caf%C3%A9/@10.768632,106.6988329?authuser=0&hl=vi&entry=ttu
Reviews: 2 reviews

Name: Sunny
Link: https://www.google.com/maps/search/Sunny/@10.7683166,106.6987982?authuser=0&hl=vi&entry=ttu
Reviews: No Reviews reviews",http://www.thecoffeehouse.com/,028 7303 9079,,The Coffee House - Nguyễn Thái Bình (Chủ sở hữu),https://www.google.com/maps/contrib/103586601749082273809,https://lh3.googleusercontent.com/gps-cs-s/AG0ilSz80hWaF6Uaqgl1IxrK5x-Edf_8w7dkHq92HP-CB9x4rOBdiHmFTjwct-NF0vg63Loqui8G8xWiTM8hnrNa5kfiFacHN3_r6EfSfwZsY1jbSQEIDkwp70YfdNUOuwBkZdPX7OruzhehIeI=s1024,Quán cà phê,Quán cà phê,,,Open All Days,"141 Nguyễn Thái Bình, Phường Nguyễn Thái Bình, Quận 1, Thành phố Hồ Chí Minh 700000",,https://www.google.com/maps/place/The+Coffee+House+-+Nguy%E1%BB%85n+Th%C3%A1i+B%C3%ACnh/data=!4m7!3m6!1s0x31752936f6fef4d3:0xeebbd7d86cb54720!8m2!3d10.7682627!4d106.6988645!16s%2Fg%2F11cltnhysk!19sChIJ0_T-9jYpdTERIEe1bNjXu-4?authuser=0&hl=vi&rclk=1,cà phê ở thành phố hồ chí minh
ChIJp3-ZsOUpdTERHxQojwOD6bw,Caramew cafe,"Một phiên bản Địa Trung Hải giữa lòng Sài Gòn
Nếu muốn tìm một góc nhỏ yên tĩnh để thư giãn thì đây đúng là một địa điểm phù hợp. quán hẻm yên tĩnh, nhạc êm dịu và giá cả thì lại phải chăng.
Ngoài ra chúng tôi còn cho thuê địa điểm cho dịch vụ chụp hình chuyên nghiệp với phòng make up và thay đồ riêng các bạn nhé…",,363,4.4,"Name: Một Chiếc Cà Phê
Link: https://www.google.com/maps/search/M%E1%BB%99t+Chi%E1%BA%BFc+C%C3%A0+Ph%C3%AA/@10.7893939,106.6778197?authuser=0&hl=vi&entry=ttu
Reviews: 141 reviews

Name: Chín Tám Coffee
Link: https://www.google.com/maps/search/Ch%C3%ADn+T%C3%A1m+Coffee/@10.7905125,106.67754719999999?authuser=0&hl=vi&entry=ttu
Reviews: 123 reviews

Name: Quán cà phê hẻm Trần Quang Diệu
Link: https://www.google.com/maps/search/Qu%C3%A1n+c%C3%A0+ph%C3%AA+h%E1%BA%BBm+Tr%E1%BA%A7n+Quang+Di%E1%BB%87u/@10.7906158,106.6782289?authuser=0&hl=vi&entry=ttu
Reviews: 8 reviews

Name: Fav Coffee shop
Link: https://www.google.com/maps/search/Fav+Coffee+shop/@10.7846499,106.67840199999999?authuser=0&hl=vi&entry=ttu
Reviews: 2 reviews

Name: TIỆM HOA TRÀ
Link: https://www.google.com/maps/search/TI%E1%BB%86M+HOA+TR%C3%80/@10.789603999999999,106.67823589999999?authuser=0&hl=vi&entry=ttu
Reviews: 2 reviews",,0838 667 887,,Caramew cafe (Chủ sở hữu),https://www.google.com/maps/contrib/117779876337300655406,https://lh3.googleusercontent.com/gps-cs-s/AG0ilSzykmRsPoAnQhv5c0jMuKGdkN9lp18anJsUUYkEMcyGzgAf8u8iHTVc62-aEJrMCUqg_I8FH4hD_OUKF3M9A9bM6Tc5AiJ04E990oI4XrQvkSABI8M01nvRK_WXYmit3VZcFOVY=s1024,Quán cà phê,Quán cà phê,,,Open All Days,"108/26A Trần Quang Diệu, Phường 14, Quận 3, Thành phố Hồ Chí Minh",,https://www.google.com/maps/place/Caramew+cafe/data=!4m7!3m6!1s0x317529e5b0997fa7:0xbce983038f28141f!8m2!3d10.7903747!4d106.680169!16s%2Fg%2F11rw8yvxj2!19sChIJp3-ZsOUpdTERHxQojwOD6bw?authuser=0&hl=vi&rclk=1,cà phê ở thành phố hồ chí minh
ChIJd31jBh4vdTERjlNXvRM5zmk,MingCha Tea & Coffee - Bến Vân Đồn,"""Đến với Mingcha là đến với thiên nhiên
Từ những nguyên liệu tươi- sạch- đẹp""",,217,4.4,"Name: LALA Coffee&Tea
Link: https://www.google.com/maps/search/LALA+Coffee%26Tea/@10.7175779,106.70320079999999?authuser=0&hl=vi&entry=ttu
Reviews: 885 reviews

Name: Cherish Coffee
Link: https://www.google.com/maps/search/Cherish+Coffee/@10.758474,106.6941604?authuser=0&hl=vi&entry=ttu
Reviews: 63 reviews

Name: Mya Cafè & Măm Măm
Link: https://www.google.com/maps/search/Mya+Caf%C3%A8+%26+M%C4%83m+M%C4%83m/@10.7571016,106.6919132?authuser=0&hl=vi&entry=ttu
Reviews: 10 reviews

Name: Cà Phê Chất Quận 04
Link: https://www.google.com/maps/search/C%C3%A0+Ph%C3%AA+Ch%E1%BA%A5t+Qu%E1%BA%ADn+04/@10.7611103,106.6980292?authuser=0&hl=vi&entry=ttu
Reviews: 4 reviews

Name: Cà phê 169
Link: https://www.google.com/maps/search/C%C3%A0+ph%C3%AA+169/@10.7620299,106.6980164?authuser=0&hl=vi&entry=ttu
Reviews: No Reviews reviews",http://mingcha.vn/,0906 817 259,,MingCha Tea & Coffee - Bến Vân Đồn (Chủ sở hữu),https://www.google.com/maps/contrib/117811499063345622251,https://lh3.googleusercontent.com/p/AF1QipNtKk9HSH8PqADFGAxwrch92q16ct57j8Q2qWY-=s1024,Quán cà phê,Quán cà phê,,,Open All Days,"320 Bến Vân Đồn, Phường 2, Quận 4, Thành phố Hồ Chí Minh",,https://www.google.com/maps/place/MingCha+Tea+%26+Coffee+-+B%E1%BA%BFn+V%C3%A2n+%C4%90%E1%BB%93n/data=!4m7!3m6!1s0x31752f1e06637d77:0x69ce3913bd57538e!8m2!3d10.7580498!4d106.6933779!16s%2Fg%2F11rq7tsp5c!19sChIJd31jBh4vdTERjlNXvRM5zmk?authuser=0&hl=vi&rclk=1,cà phê ở thành phố hồ chí minh
ChIJbaeNZCspdTEREadFbltGF9s,Oasis Cafe - Koi Fish Cafe,"We are usually very busy from 10 AM to 8 PM. For a better experience, we recommend visiting our branch at 26/14 Pham Van Dong, Go Vap District, HCMC.
- Ở Chi nhánh Lê Văn Sỹ chúng tôi đang quá tải từ 10 Am - 8 PM, các bàn trong hồ đều hết chỗ, để trải nghiệm đỡ ồn ào và không gian đẹp hơn, kính mời quý khách ghé chi nhánh 1 tại 26/14 Phạm Văn Đồng, phường 3, Gò Vấp, HCM. Hân hạnh đón tiếp các Bạn",,7094,4.5,"Name: PATIO CAFÉ
Link: https://www.google.com/maps/search/PATIO+CAF%C3%89/@10.78894,106.67662299999999?authuser=0&hl=vi&entry=ttu
Reviews: 277 reviews

Name: Ốcđảo_OASIS
Link: https://www.google.com/maps/search/%E1%BB%90c%C4%91%E1%BA%A3o_OASIS/@10.7908574,106.7016089?authuser=0&hl=vi&entry=ttu
Reviews: 19 reviews

Name: T's Coffee
Link: https://www.google.com/maps/search/T's+Coffee/@10.790592499999999,106.672297?authuser=0&hl=vi&entry=ttu
Reviews: 2 reviews",https://www.instagram.com/oasiscafevn?igsh=MXc5c2hheDI1dzZsZg%3D%3D&utm_source=qr,,,Oasis Cafe - Koi Fish Cafe (Chủ sở hữu),https://www.google.com/maps/contrib/104885862612488797123,https://lh3.googleusercontent.com/p/AF1QipM_At9_M2vSGK4lA90S8crLNnRIuB1UQ21RfLQp=s1024,Quán cà phê,Quán cà phê,,,Open All Days,"176/1b Đ. Lê Văn Sỹ, Phường 10, Phú Nhuận, Thành phố Hồ Chí Minh 700000",,https://www.google.com/maps/place/Oasis+Cafe+-+Koi+Fish+Cafe/data=!4m7!3m6!1s0x3175292b648da76d:0xdb17465b6e45a711!8m2!3d10.7928157!4d106.6709737!16s%2Fg%2F11c1cy8cnl!19sChIJbaeNZCspdTEREadFbltGF9s?authuser=0&hl=vi&rclk=1,cà phê ở thành phố hồ chí minh
ChIJ2xLDhkgvdTER0oU_cPXs3Yo,TÁM COFFEE & TEA,Chúng tôi phải luôn giữ vững giá trị của mình. Tinh thần | Chất lượng | Số lượng . Nhưng chúng tôi phải thường xuyên tự làm mới mình * TÁM COFFEE *,,480,4.2,"Name: Là Việt Coffee
Link: https://www.google.com/maps/search/L%C3%A0+Vi%E1%BB%87t+Coffee/@10.785765,106.6936042?authuser=0&hl=vi&entry=ttu
Reviews: 1137 reviews

Name: Tám Coffee
Link: https://www.google.com/maps/search/T%C3%A1m+Coffee/@10.7752228,106.704698?authuser=0&hl=vi&entry=ttu
Reviews: 122 reviews

Name: Tâm coffee
Link: https://www.google.com/maps/search/T%C3%A2m+coffee/@10.792299,106.696091?authuser=0&hl=vi&entry=ttu
Reviews: 17 reviews

Name: TAM COFFEE
Link: https://www.google.com/maps/search/TAM+COFFEE/@10.775037,106.700142?authuser=0&hl=vi&entry=ttu
Reviews: 4 reviews

Name: Tám Coffee
Link: https://www.google.com/maps/search/T%C3%A1m+Coffee/@10.8147255,106.68709559999999?authuser=0&hl=vi&entry=ttu
Reviews: 2 reviews",,0903 897 418,,TÁM COFFEE & TEA (Chủ sở hữu),https://www.google.com/maps/contrib/110580488482231002003,https://lh3.googleusercontent.com/p/AF1QipMIRGtxcaSh2n9yY-OPsmBSTTfduaDNKtanEOg=s1024,Quán cà phê,Quán cà phê,,,Open All Days,"74e Hai Bà Trưng, Bến Nghé, Quận 1, Thành phố Hồ Chí Minh 700000",,https://www.google.com/maps/place/T%C3%81M+COFFEE+%26+TEA/data=!4m7!3m6!1s0x31752f4886c312db:0x8addecf5703f85d2!8m2!3d10.7785093!4d106.7031988!16s%2Fg%2F11clwm811j!19sChIJ2xLDhkgvdTER0oU_cPXs3Yo?authuser=0&hl=vi&rclk=1,cà phê ở thành phố hồ chí minh
ChIJWy51wD4vdTERRNVtx5Vw-NE,Cafe Vy,,,1186,4.1,"Name: Cà Phê Vy
Link: https://www.google.com/maps/search/C%C3%A0+Ph%C3%AA+Vy/@10.763784,106.690534?authuser=0&hl=vi&entry=ttu
Reviews: 27 reviews

Name: The vCafe
Link: https://www.google.com/maps/search/The+vCafe/@10.7729512,106.6969688?authuser=0&hl=vi&entry=ttu
Reviews: 8 reviews

Name: Vy
Link: https://www.google.com/maps/search/Vy/@10.7713482,106.69643330000001?authuser=0&hl=vi&entry=ttu
Reviews: 1 reviews

Name: Cafe 27
Link: https://www.google.com/maps/search/Cafe+27/@10.77455,106.698627?authuser=0&hl=vi&entry=ttu
Reviews: 1 reviews

Name: Café Vy Vy
Link: https://www.google.com/maps/search/Caf%C3%A9+Vy+Vy/@10.7590504,106.65918939999999?authuser=0&hl=vi&entry=ttu
Reviews: No Reviews reviews",,028 3829 5416,1,Cafe Vy (Chủ sở hữu),https://www.google.com/maps/contrib/115950531312844408403,https://lh3.googleusercontent.com/gps-cs-s/AG0ilSxGEv0E-8VS7tcn7NCdvzO_SH1y1RoF-mLs8_kTdKRJjLCqk4z6rLAln8oR919zQTa7gk-Pyuc5W_I4vO8UwwG2sC0X__ilM0zIHu6qYGj9tVGSNZIW_BABR6Ay6rzgfda9T2lRdHAiAS8=s1024,Quán cà phê,Quán cà phê,,,Open All Days,"277E Lê Thánh Tôn, Phường Bến Thành, Quận 1, Thành phố Hồ Chí Minh",,https://www.google.com/maps/place/Cafe+Vy/data=!4m7!3m6!1s0x31752f3ec0752e5b:0xd1f87095c76dd544!8m2!3d10.7716122!4d106.6955211!16s%2Fg%2F11r96m7yt!19sChIJWy51wD4vdTERRNVtx5Vw-NE?authuser=0&hl=vi&rclk=1,cà phê ở thành phố hồ chí minh
ChIJhViw6j4vdTERREUJTZUVG04,Cafe Nguyen Hoang,,,47,4.1,"Name: cà phê ống
Link: https://www.google.com/maps/search/c%C3%A0+ph%C3%AA+%E1%BB%91ng/@10.772834,106.6900818?authuser=0&hl=vi&entry=ttu
Reviews: 118 reviews

Name: Cafe Nguyễn Hoàng
Link: https://www.google.com/maps/search/Cafe+Nguy%E1%BB%85n+Ho%C3%A0ng/@10.7805831,106.67985829999999?authuser=0&hl=vi&entry=ttu
Reviews: 82 reviews

Name: Cà phê Corner
Link: https://www.google.com/maps/search/C%C3%A0+ph%C3%AA+Corner/@10.780737900000002,106.70519709999999?authuser=0&hl=vi&entry=ttu
Reviews: 34 reviews

Name: Cafe nguyễn du
Link: https://www.google.com/maps/search/Cafe+nguy%E1%BB%85n+du/@10.774526,106.69598219999999?authuser=0&hl=vi&entry=ttu
Reviews: 10 reviews",,028 3829 5416,1,Cafe Nguyen Hoang (Chủ sở hữu),https://www.google.com/maps/contrib/102234791947888393587,https://lh3.googleusercontent.com/gps-cs-s/AG0ilSwPBhRXZNmae90vTzwl56aUWJFm43vAsYokQTKnmJ1KlgQdy3ESJu4JN83lqhyLht9exe_baQErzqGQxAwXX1wqYjIxD2CDF4_z9UvcTLGV_CuxLMsiWe4JtfWcFacJC3WI0k4qsA=s1024,Quán cà phê,Quán cà phê,,,Open All Days,"277E Lê Thánh Tôn, Phường Bến Thành, Quận 1, Thành phố Hồ Chí Minh",,https://www.google.com/maps/place/Cafe+Nguyen+Hoang/data=!4m7!3m6!1s0x31752f3eeab05885:0x4e1b15954d094544!8m2!3d10.7716122!4d106.6955211!16s%2Fg%2F11cn8sj_y1!19sChIJhViw6j4vdTERREUJTZUVG04?authuser=0&hl=vi&rclk=1,cà phê ở thành phố hồ chí minh
ChIJQz8vSispdTERE4c5hxYXdRI,NHỎ cafe,,,558,4.1,"Name: Oasis Cafe - Koi Fish Cafe
Link: https://www.google.com/maps/search/Oasis+Cafe+-+Koi+Fish+Cafe/@10.7928157,106.67097369999999?authuser=0&hl=vi&entry=ttu
Reviews: 7051 reviews

Name: Phường Cà Phê
Link: https://www.google.com/maps/search/Ph%C6%B0%E1%BB%9Dng+C%C3%A0+Ph%C3%AA/@10.789592599999999,106.6709669?authuser=0&hl=vi&entry=ttu
Reviews: 353 reviews

Name: LOC. Cà phê
Link: https://www.google.com/maps/search/LOC.+C%C3%A0+ph%C3%AA/@10.7904191,106.67261529999999?authuser=0&hl=vi&entry=ttu
Reviews: 2 reviews

Name: XeCàPhêNhoNhỏ
Link: https://www.google.com/maps/search/XeC%C3%A0Ph%C3%AANhoNh%E1%BB%8F/@10.7919624,106.67159799999999?authuser=0&hl=vi&entry=ttu
Reviews: No Reviews reviews",,0938 887 009,,NHỎ cafe (Chủ sở hữu),https://www.google.com/maps/contrib/100492702213092973217,https://lh3.googleusercontent.com/p/AF1QipNXDx0tzzXhKzgd3Se6h_YUUks2MRd8EQujLioi=s1024,Quán cà phê,Quán cà phê,,,Open All Days,"115/30 Đ. Lê Văn Sỹ, Phường 13, Phú Nhuận, Thành phố Hồ Chí Minh",,https://www.google.com/maps/place/NH%E1%BB%8E+cafe/data=!4m7!3m6!1s0x3175292b4a2f3f43:0x1275171687398713!8m2!3d10.7907669!4d106.6715702!16s%2Fg%2F1pwfw1wy_!19sChIJQz8vSispdTERE4c5hxYXdRI?authuser=0&hl=vi&rclk=1,cà phê ở thành phố hồ chí minh
ChIJq94Ey0svdTERIA7GMsL0Omc,"Cà phê Đỗ-Phủ, cơm tấm Đại-Hàn","Cà phê Đỗ-Phủ mang phong cách ẩm-thực và kiến-trúc độc đáo của Sài-Gòn những năm trước 1975. Tại đây, quý-khách sẽ tìm lại được một chút hoài-niệm, một chút hương-vị của Sài-Gòn hoa lệ năm nào. Đỗ-Phủ gìn-giữ và tôn-vinh những giá trị văn-hoá tốt đẹp của con người Sài-Gòn.",,251,4.5,"Name: Designer Coffee - Specialty Vietnamese Cà Phê
Link: https://www.google.com/maps/search/Designer+Coffee+-+Specialty+Vietnamese+C%C3%A0+Ph%C3%AA/@10.777230399999999,106.6893291?authuser=0&hl=vi&entry=ttu
Reviews: 60 reviews

Name: Cơm tấm Đỗ Phủ
Link: https://www.google.com/maps/search/C%C6%A1m+t%E1%BA%A5m+%C4%90%E1%BB%97+Ph%E1%BB%A7/@10.772200999999999,106.6860174?authuser=0&hl=vi&entry=ttu
Reviews: 21 reviews

Name: S COFFEE
Link: https://www.google.com/maps/search/S+COFFEE/@10.7695321,106.6817105?authuser=0&hl=vi&entry=ttu
Reviews: 10 reviews

Name: Cà phê dì tư
Link: https://www.google.com/maps/search/C%C3%A0+ph%C3%AA+d%C3%AC+t%C6%B0/@10.771015499999999,106.6825303?authuser=0&hl=vi&entry=ttu
Reviews: 1 reviews

Name: CÀ PHÊ NGON
Link: https://www.google.com/maps/search/C%C3%80+PH%C3%8A+NGON/@10.7703867,106.68223429999999?authuser=0&hl=vi&entry=ttu
Reviews: No Reviews reviews",http://caphedophu1946.vn/,0855 178 888,,"Cà phê Đỗ-Phủ, cơm tấm Đại-Hàn (Chủ sở hữu)",https://www.google.com/maps/contrib/112837931767704077623,https://lh3.googleusercontent.com/p/AF1QipNI18i05gAlQNHUkEbI5emTKAWmxbAVgknsVwLT=s1024,Quán cà phê,Quán cà phê,,,Open All Days,"287/75 Nguyễn Đình Chiểu, Phường 5, Quận 3, Thành phố Hồ Chí Minh",,"https://www.google.com/maps/place/C%C3%A0+ph%C3%AA+%C4%90%E1%BB%97-Ph%E1%BB%A7,+c%C6%A1m+t%E1%BA%A5m+%C4%90%E1%BA%A1i-H%C3%A0n/data=!4m7!3m6!1s0x31752f4bcb04deab:0x673af4c232c60e20!8m2!3d10.7720982!4d106.6860042!16s%2Fg%2F11fjtx1x5v!19sChIJq94Ey0svdTERIA7GMsL0Omc?authuser=0&hl=vi&rclk=1",cà phê ở thành phố hồ chí minh
ChIJV4j2tT4vdTER3tuDPboA7p8,Trung Nguyên Legend Café,"Không gian Trung Nguyên Legend Café là điểm hẹn văn hóa của những người yêu và đam mê cà phê. Đến với Trung Nguyên Legend Café, bạn được thưởng thức những ly cà phê năng lượng tuyệt hảo bên những cuốn sách nền tảng đổi đời được chọn lọc từ tinh hoa tri thức nhân loại. Cùng với năng lượng thực dưỡng từ ổ bánh mì ngon nhất thế gian đem đến nguồn năng lượng hài hòa, giúp thanh lọc và cân bằng cơ thể.",,1220,4.2,"Name: Tập đoàn Trung Nguyên Legend
Link: https://www.google.com/maps/search/T%E1%BA%ADp+%C4%91o%C3%A0n+Trung+Nguy%C3%AAn+Legend/@10.7713103,106.6895729?authuser=0&hl=vi&entry=ttu
Reviews: 1623 reviews

Name: Thế Giới Cà Phê Trung Nguyên Legend
Link: https://www.google.com/maps/search/Th%E1%BA%BF+Gi%E1%BB%9Bi+C%C3%A0+Ph%C3%AA+Trung+Nguy%C3%AAn+Legend/@10.7796361,106.7004213?authuser=0&hl=vi&entry=ttu
Reviews: 850 reviews

Name: Gióng Cafe
Link: https://www.google.com/maps/search/Gi%C3%B3ng+Cafe/@10.7792701,106.7003996?authuser=0&hl=vi&entry=ttu
Reviews: 543 reviews

Name: ĂNG-Ê Coffee
Link: https://www.google.com/maps/search/%C4%82NG-%C3%8A+Coffee/@10.7706123,106.6936688?authuser=0&hl=vi&entry=ttu
Reviews: 363 reviews

Name: Trung Nguyên E-Coffee
Link: https://www.google.com/maps/search/Trung+Nguy%C3%AAn+E-Coffee/@10.771241,106.6899784?authuser=0&hl=vi&entry=ttu
Reviews: 193 reviews",https://trungnguyenlegend.com/,0915 289 906,,Trung Nguyên Legend Café (Chủ sở hữu),https://www.google.com/maps/contrib/117434992922058517232,https://lh3.googleusercontent.com/p/AF1QipP8NSGDqJFkAy0isiheM2qwTla3UUx9ssFQFUhL=s1024,Quán cà phê,Quán cà phê,,,Open All Days,"219 Lý Tự Trọng, Phường Bến Thành, Quận 1, Thành phố Hồ Chí Minh 760000",,https://www.google.com/maps/place/Trung+Nguy%C3%AAn+Legend+Caf%C3%A9/data=!4m7!3m6!1s0x31752f3eb5f68857:0x9fee00ba3d83dbde!8m2!3d10.7726574!4d106.6954464!16s%2Fg%2F1hc4km92t!19sChIJV4j2tT4vdTER3tuDPboA7p8?authuser=0&hl=vi&rclk=1,cà phê ở thành phố hồ chí minh
ChIJMRyCR9IodTERj7ldx-aeQiw,3T Cà Phê Trứng Sài Gòn,,,1642,4.4,"Name: 3T Cà Phê Trứng
Link: https://www.google.com/maps/search/3T+C%C3%A0+Ph%C3%AA+Tr%E1%BB%A9ng/@10.776275199999999,106.7065968?authuser=0&hl=vi&entry=ttu
Reviews: 1564 reviews

Name: Cà Phê Trứng 3T
Link: https://www.google.com/maps/search/C%C3%A0+Ph%C3%AA+Tr%E1%BB%A9ng+3T/@10.780471799999999,106.70721359999999?authuser=0&hl=vi&entry=ttu
Reviews: 1153 reviews

Name: Gờ cafe - Hoàng Sa
Link: https://www.google.com/maps/search/G%E1%BB%9D+cafe+-+Ho%C3%A0ng+Sa/@10.7930084,106.6945993?authuser=0&hl=vi&entry=ttu
Reviews: 604 reviews

Name: Cà Phê Hoàng Sa
Link: https://www.google.com/maps/search/C%C3%A0+Ph%C3%AA+Ho%C3%A0ng+Sa/@10.794745599999999,106.6920293?authuser=0&hl=vi&entry=ttu
Reviews: 3 reviews",https://caphetrung3t.com/,0937 430 600,,3T Cà Phê Trứng Sài Gòn (Chủ sở hữu),https://www.google.com/maps/contrib/110657524779805133684,https://lh3.googleusercontent.com/p/AF1QipMM7f9I3zM1A5LoBSECwWpIi_l2US3fsy3e2u6V=s1024,Quán cà phê,Quán cà phê,,,Open All Days,"355 Hoàng Sa, Phường Tân Định, Quận 1, Thành phố Hồ Chí Minh",,https://www.google.com/maps/place/3T+C%C3%A0+Ph%C3%AA+Tr%E1%BB%A9ng+S%C3%A0i+G%C3%B2n/data=!4m7!3m6!1s0x317528d247821c31:0x2c429ee6c75db98f!8m2!3d10.7940152!4d106.6860921!16s%2Fg%2F11cndc1847!19sChIJMRyCR9IodTERj7ldx-aeQiw?authuser=0&hl=vi&rclk=1,cà phê ở thành phố hồ chí minh
ChIJe5D-YNIodTERnaQwd7n9EfY,Chiêu Cafe Sách,Thư viện với những đầu sách nghiên cứu- văn học- lịch sử- hội hoạ- tôn giáo .,,1027,4,"Name: Lão Hạc Quán
Link: https://www.google.com/maps/search/L%C3%A3o+H%E1%BA%A1c+Qu%C3%A1n/@10.7958586,106.6852972?authuser=0&hl=vi&entry=ttu
Reviews: 941 reviews

Name: Cafe sách Phương Nam
Link: https://www.google.com/maps/search/Cafe+s%C3%A1ch+Ph%C6%B0%C6%A1ng+Nam/@10.7805281,106.6999719?authuser=0&hl=vi&entry=ttu
Reviews: 372 reviews

Name: Cay Cot Dien - Café Books
Link: https://www.google.com/maps/search/Cay+Cot+Dien+-+Caf%C3%A9+Books/@10.7887089,106.6835498?authuser=0&hl=vi&entry=ttu
Reviews: 300 reviews

Name: Anh Siêu coffee
Link: https://www.google.com/maps/search/Anh+Si%C3%AAu+coffee/@10.7930102,106.6944973?authuser=0&hl=vi&entry=ttu
Reviews: No Reviews reviews",,028 3935 0377,,Chiêu Cafe Sách (Chủ sở hữu),https://www.google.com/maps/contrib/110907415650829042769,https://lh3.googleusercontent.com/p/AF1QipN_z9By3zMmFoYRXHxlUurEtp674uDBpiqVB_Ps=s1024,Quán cà phê,Quán cà phê,,,Open All Days,"377 Hoàng Sa, Phường Tân Định, Quận 1, Thành phố Hồ Chí Minh 70000",,https://www.google.com/maps/place/Chi%C3%AAu+Cafe+S%C3%A1ch/data=!4m7!3m6!1s0x317528d260fe907b:0xf611fdb97730a49d!8m2!3d10.7926338!4d106.686781!16s%2Fg%2F11clycwv1_!19sChIJe5D-YNIodTERnaQwd7n9EfY?authuser=0&hl=vi&rclk=1,cà phê ở thành phố hồ chí minh
ChIJ133bTUApdTERwNR9Z6JzeoM,Cà phê trứng 3T - Garden Saigon,"Egg coffee Saigon, Cà phê Trứng Sài Gòn",,642,4.3,"Name: 3T Cà Phê Trứng
Link: https://www.google.com/maps/search/3T+C%C3%A0+Ph%C3%AA+Tr%E1%BB%A9ng/@10.776275199999999,106.7065968?authuser=0&hl=vi&entry=ttu
Reviews: 1564 reviews

Name: Cà Phê Trứng 3T
Link: https://www.google.com/maps/search/C%C3%A0+Ph%C3%AA+Tr%E1%BB%A9ng+3T/@10.780471799999999,106.70721359999999?authuser=0&hl=vi&entry=ttu
Reviews: 1153 reviews

Name: CREAMY
Link: https://www.google.com/maps/search/CREAMY/@10.7937433,106.68760119999999?authuser=0&hl=vi&entry=ttu
Reviews: 51 reviews

Name: Cafe Trung Nguyên
Link: https://www.google.com/maps/search/Cafe+Trung+Nguy%C3%AAn/@10.7896662,106.6916247?authuser=0&hl=vi&entry=ttu
Reviews: 3 reviews

Name: NU Coffee 3
Link: https://www.google.com/maps/search/NU+Coffee+3/@10.7917653,106.69316060000001?authuser=0&hl=vi&entry=ttu
Reviews: 3 reviews",https://caphetrung3t.com/,0865 925 670,,Cà phê trứng 3T - Garden Saigon (Chủ sở hữu),https://www.google.com/maps/contrib/102202757015052597655,https://lh3.googleusercontent.com/p/AF1QipMUShodpJA4Fe632HfL6nMFku2cAB3nHFMBgY5Q=s1024,Quán cà phê,"Quán cà phê, Cửa hàng cà phê",,,Open All Days,"5 Trần Khánh Dư, Phường Tân Định, Quận 1, Thành phố Hồ Chí Minh",,https://www.google.com/maps/place/C%C3%A0+ph%C3%AA+tr%E1%BB%A9ng+3T+-+Garden+Saigon/data=!4m7!3m6!1s0x317529404ddb7dd7:0x837a73a2677dd4c0!8m2!3d10.7939149!4d106.689155!16s%2Fg%2F11pbdqcskq!19sChIJ133bTUApdTERwNR9Z6JzeoM?authuser=0&hl=vi&rclk=1,cà phê ở thành phố hồ chí minh
ChIJvxxM2JkvdTER0ioxpk_JPoU,Manki True Artisan Cafe,"Immerse yourself in the true artisan experience at Manki True Artisan Cafe. More than just a coffee shop, Manki is a haven where passion for coffee comes alive. Located in the heart of Ho Chi Minh City at Suite 04, 1st floor, 42bis Ly Tu Trong, Ben Nghe ward, District 1, we invite you to discover the art of coffee. Step inside and let us share our love for the perfect cup.",,314,4.7,"Name: Tonkin Specialty Coffee
Link: https://www.google.com/maps/search/Tonkin+Specialty+Coffee/@10.7743893,106.6978901?authuser=0&hl=vi&entry=ttu
Reviews: 3668 reviews

Name: The Balcony Coffee
Link: https://www.google.com/maps/search/The+Balcony+Coffee/@10.7782314,106.7010998?authuser=0&hl=vi&entry=ttu
Reviews: 178 reviews

Name: FELIX COFFICE
Link: https://www.google.com/maps/search/FELIX+COFFICE/@10.7729731,106.6961608?authuser=0&hl=vi&entry=ttu
Reviews: 8 reviews

Name: Huy Cafe
Link: https://www.google.com/maps/search/Huy+Cafe/@10.7824555,106.7052928?authuser=0&hl=vi&entry=ttu
Reviews: No Reviews reviews

Name: MIDNIGHT COFFEE
Link: https://www.google.com/maps/search/MIDNIGHT+COFFEE/@10.773577,106.69677639999999?authuser=0&hl=vi&entry=ttu
Reviews: No Reviews reviews",,,,Manki True Artisan Cafe (Chủ sở hữu),https://www.google.com/maps/contrib/105420813295221465940,https://lh3.googleusercontent.com/p/AF1QipPtJDoWfklhFgfTw_dEn_js62NKC76DkgLpwrSq=s1024,Quán cà phê,Quán cà phê,,,Open All Days,"42bis Lý Tự Trọng, Bến Nghé, Quận 1, Thành phố Hồ Chí Minh 760000",,https://www.google.com/maps/place/Manki+True+Artisan+Cafe/data=!4m7!3m6!1s0x31752f99d84c1cbf:0x853ec94fa6312ad2!8m2!3d10.7769941!4d106.7000001!16s%2Fg%2F11rfc4zt3j!19sChIJvxxM2JkvdTER0ioxpk_JPoU?authuser=0&hl=vi&rclk=1,cà phê ở thành phố hồ chí minh
ChIJ_cPCIVMvdTER3PvCP3iuzvw,Góc cà phê,,,147,3.9,"Name: GÓC cà phê ☕️
Link: https://www.google.com/maps/search/G%C3%93C+c%C3%A0+ph%C3%AA+%E2%98%95%EF%B8%8F/@10.769596,106.69994419999999?authuser=0&hl=vi&entry=ttu
Reviews: 455 reviews

Name: GÓC Cà Phê
Link: https://www.google.com/maps/search/G%C3%93C+C%C3%A0+Ph%C3%AA/@10.763288,106.69316599999999?authuser=0&hl=vi&entry=ttu
Reviews: 378 reviews

Name: Góc 169 KC Coffee
Link: https://www.google.com/maps/search/G%C3%B3c+169+KC+Coffee/@10.7683746,106.6972143?authuser=0&hl=vi&entry=ttu
Reviews: 219 reviews

Name: Gờ Cafe - Huỳnh Khương Ninh, Quận 1
Link: https://www.google.com/maps/search/G%E1%BB%9D+Cafe+-+Hu%E1%BB%B3nh+Kh%C6%B0%C6%A1ng+Ninh%2C+Qu%E1%BA%ADn+1/@10.7899117,106.6961437?authuser=0&hl=vi&entry=ttu
Reviews: 89 reviews

Name: Café Amazon
Link: https://www.google.com/maps/search/Caf%C3%A9+Amazon/@10.773418,106.70352899999999?authuser=0&hl=vi&entry=ttu
Reviews: 81 reviews",,,,Góc cà phê (Chủ sở hữu),https://www.google.com/maps/contrib/106081920583398082247,https://lh3.googleusercontent.com/gps-cs-s/AG0ilSyWeTfx0V5IZrunLWWuxrbiCxO4xeRUJj6GeQOxgQVTWdROePOQRYvGRF_G7gKGdsQBzVxDSE-e1EUUeC9bBaP8_4DK6WQTlV7gAXsem1wR4MqM2QScyhPPcOVAkOeSsdYX5xvbzQ=s1024,Quán cà phê,Quán cà phê,,,Open All Days,"29 Huỳnh Thúc Kháng, Bến Nghé, Quận 1, Thành phố Hồ Chí Minh",,https://www.google.com/maps/place/G%C3%B3c+c%C3%A0+ph%C3%AA/data=!4m7!3m6!1s0x31752f5321c2c3fd:0xfcceae783fc2fbdc!8m2!3d10.7727167!4d106.7025306!16s%2Fg%2F11q4c93mzg!19sChIJ_cPCIVMvdTER3PvCP3iuzvw?authuser=0&hl=vi&rclk=1,cà phê ở thành phố hồ chí minh
ChIJnQcpCkgvdTERcdzIzC0f9f0,Cộng Cà Phê,"Cộng Cà Phê - nơi kinh doanh dịch vụ giải khát một cách nghiêm túc, nơi mà kí ức và hoài niệm ùa về trong một không gian nghệ thuật được lấy cảm hứng từ xã hội Việt Nam những năm 80 về trước...",,2706,4.4,"Name: Cộng Cà Phê
Link: https://www.google.com/maps/search/C%E1%BB%99ng+C%C3%A0+Ph%C3%AA/@10.796280399999999,106.6908905?authuser=0&hl=vi&entry=ttu
Reviews: 2309 reviews

Name: Holy Beans coffee
Link: https://www.google.com/maps/search/Holy+Beans+coffee/@10.7719366,106.69401820000002?authuser=0&hl=vi&entry=ttu
Reviews: 88 reviews

Name: Cộng Quản Lý
Link: https://www.google.com/maps/search/C%E1%BB%99ng+Qu%E1%BA%A3n+L%C3%BD/@10.770811,106.6875347?authuser=0&hl=vi&entry=ttu
Reviews: 5 reviews",http://congcaphe.com/,0911 811 165,,Cộng Cà Phê (Chủ sở hữu),https://www.google.com/maps/contrib/113601640329608051573,https://lh3.googleusercontent.com/p/AF1QipP3-iXiR60v6bgt_y0_ngHhFPxQcEfH6KvwpHtW=s1024,Quán cà phê,Quán cà phê,,,Open All Days,"26/15 Lý Tự Trọng, Bến Nghé, Quận 1, Thành phố Hồ Chí Minh 71000",,https://www.google.com/maps/place/C%E1%BB%99ng+C%C3%A0+Ph%C3%AA/data=!4m7!3m6!1s0x31752f480a29079d:0xfdf51f2dccc8dc71!8m2!3d10.7782314!4d106.7010998!16s%2Fg%2F11c18hg756!19sChIJnQcpCkgvdTERcdzIzC0f9f0?authuser=0&hl=vi&rclk=1,cà phê ở thành phố hồ chí minh
ChIJR27YADMvdTERG009GYnel58,Lagom Café - The First Coffee & Belgian Beer Lounge in Vietnam,"LAGOM CAFÉ - LOUNGE CAFE BIA BỈ ĐẦU TIÊN TẠI VIỆT NAM

PHỤC VỤ BIA BỈ THỦ CÔNG - CAFE - ĐỒ UỐNG & THỨC ĂN THANH ĐẠM CHO NHỮNG NGƯỜI BIẾT ĐỦ - TỪ NĂM 2018.

""Vừa đủ, Chọn lọc & Healthy - Chính là phong cách ẩm thực của Lagom Café""",,1144,4.9,"Name: Lagom Coffee & Patisserie Lab
Link: https://www.google.com/maps/search/Lagom+Coffee+%26+Patisserie+Lab/@10.777006199999999,106.63691539999999?authuser=0&hl=vi&entry=ttu
Reviews: 804 reviews

Name: Kho Tàng Bia Bỉ.vn | Belgian Beer Lounge & Store in Vietnam - Official
Link: https://www.google.com/maps/search/Kho+T%C3%A0ng+Bia+B%E1%BB%89.vn+%7C+Belgian+Beer+Lounge+%26+Store+in+Vietnam+-+Official/@10.7870337,106.69130539999999?authuser=0&hl=vi&entry=ttu
Reviews: 405 reviews

Name: L'amant Café
Link: https://www.google.com/maps/search/L'amant+Caf%C3%A9/@10.7798365,106.6931343?authuser=0&hl=vi&entry=ttu
Reviews: 81 reviews

Name: Ngâm Bar
Link: https://www.google.com/maps/search/Ng%C3%A2m+Bar/@10.769884699999999,106.68381029999999?authuser=0&hl=vi&entry=ttu
Reviews: 60 reviews

Name: Trà sữa Lagom
Link: https://www.google.com/maps/search/Tr%C3%A0+s%E1%BB%AFa+Lagom/@10.847246799999999,106.63009029999999?authuser=0&hl=vi&entry=ttu
Reviews: 1 reviews",https://lagomcafe.vn/,0919 000 195,,Lagom Café - The First Coffee & Belgian Beer Lounge in Vietnam (Chủ sở hữu),https://www.google.com/maps/contrib/112917499671317853716,https://lh3.googleusercontent.com/p/AF1QipOK_cAjvP77XPDbRWXz4YmApfcrp7txVOKkTMTF=s1024,Quán cà phê,"Quán cà phê, Nhà hàng",,,Open All Days,"87 Võ Thị Sáu, Phường 6, Quận 3, Thành phố Hồ Chí Minh",,https://www.google.com/maps/place/Lagom+Caf%C3%A9+-+The+First+Coffee+%26+Belgian+Beer+Lounge+in+Vietnam/data=!4m7!3m6!1s0x31752f3300d86e47:0x9f97de89193d4d1b!8m2!3d10.7870337!4d106.6913054!16s%2Fg%2F11f2wdtbsn!19sChIJR27YADMvdTERG009GYnel58?authuser=0&hl=vi&rclk=1,cà phê ở thành phố hồ chí minh
ChIJI5LRx1AvdTER4IUoLNRo35w,A Priori cafe,"Quán cà phê cổ kính với không khí yên bình, dễ chịu. Có bán các món cà phê chất lượng, đặc biệt là cà phê trứng chuẩn vị Hà Nội.
Không gian rộng rãi được thiết kế theo phong cách Đông Dương. Có bàn cao để làm việc, có bàn ngoài trời cho nhóm bạn đến tán gẫu.
Đã có 2 chi nhánh: 1 chi nhánh tại Trần Doãn Khanh Q1 - 1 chi nhánh tại Sư Vạn Hạnh Q10.",,424,4.4,"Name: A Priori Coffee House
Link: https://www.google.com/maps/search/A+Priori+Coffee+House/@10.7728472,106.66849839999999?authuser=0&hl=vi&entry=ttu
Reviews: 281 reviews

Name: UR CUP CAFE - 2 THI SÁCH
Link: https://www.google.com/maps/search/UR+CUP+CAFE+-+2+THI+S%C3%81CH/@10.776815599999999,106.70613250000001?authuser=0&hl=vi&entry=ttu
Reviews: 64 reviews

Name: CREAMY
Link: https://www.google.com/maps/search/CREAMY/@10.7937433,106.68760119999999?authuser=0&hl=vi&entry=ttu
Reviews: 51 reviews

Name: NU Coffee 3
Link: https://www.google.com/maps/search/NU+Coffee+3/@10.7917653,106.69316060000001?authuser=0&hl=vi&entry=ttu
Reviews: 3 reviews

Name: Cafe ryo q1
Link: https://www.google.com/maps/search/Cafe+ryo+q1/@10.763271,106.693049?authuser=0&hl=vi&entry=ttu
Reviews: No Reviews reviews",,0903 911 724,,A Priori cafe (Chủ sở hữu),https://www.google.com/maps/contrib/104830041045406087135,https://lh3.googleusercontent.com/gps-cs-s/AG0ilSznsKMNScWFcSqUF9OJ1-7pA8SYK6IgzNQ25bMCdz90lALvgxhCD2WTCx0vT3R-cwQ7y5_tlEmi4ATbwcXyK0SEehuopQ66AwJHl75Y5TEAmuoHaT5bSRqUCWZfbD66-Pl50OJ1-Df46Pbi=s1024,Quán cà phê,Quán cà phê,,,Open All Days,"18 Đ. Trần Doãn Khanh, Đa Kao, Quận 1, Thành phố Hồ Chí Minh 70000",,https://www.google.com/maps/place/A+Priori+cafe/data=!4m7!3m6!1s0x31752f50c7d19223:0x9cdf68d42c2885e0!8m2!3d10.789085!4d106.697343!16s%2Fg%2F11jtywprvb!19sChIJI5LRx1AvdTER4IUoLNRo35w?authuser=0&hl=vi&rclk=1,cà phê ở thành phố hồ chí minh
ChIJI5HmrTovdTERPcv3aW8X8PQ,The Coffee Factory,,,482,4,"Name: The Coffee House - Cao Thắng Quận 3
Link: https://www.google.com/maps/search/The+Coffee+House+-+Cao+Th%E1%BA%AFng+Qu%E1%BA%ADn+3/@10.7710969,106.6811051?authuser=0&hl=vi&entry=ttu
Reviews: 2981 reviews

Name: @Thecoffeefactoryvn
Link: https://www.google.com/maps/search/%40Thecoffeefactoryvn/@10.778562299999999,106.6981588?authuser=0&hl=vi&entry=ttu
Reviews: 179 reviews

Name: The Canteen (Ca Phe Pha May)
Link: https://www.google.com/maps/search/The+Canteen+(Ca+Phe+Pha+May)/@10.7833943,106.6812301?authuser=0&hl=vi&entry=ttu
Reviews: 3 reviews

Name: cafe 51 Trương Định
Link: https://www.google.com/maps/search/cafe+51+Tr%C6%B0%C6%A1ng+%C4%90%E1%BB%8Bnh/@10.776648,106.690657?authuser=0&hl=vi&entry=ttu
Reviews: 2 reviews

Name: Coffee Puding factory
Link: https://www.google.com/maps/search/Coffee+Puding+factory/@10.7862048,106.6933138?authuser=0&hl=vi&entry=ttu
Reviews: No Reviews reviews",,,1,The Coffee Factory (Chủ sở hữu),https://www.google.com/maps/contrib/103496450357237271583,https://lh3.googleusercontent.com/gps-cs-s/AG0ilSw8DReBRnQOxR6to6cqdWiONsqv3mHAy8c-jXArLhBHsTX5aVlVJokeS1KqJkVJEe0WH3ClwWO6ZDTDfeHojoa9wVQJOoKAIBbSziqLRZXaMe54wZAUFyey23aCH8CEGg0CQeM21Q=s1024,Quán cà phê,Quán cà phê,,,Open All Days,"107A Trương Định, Phường 6, Quận 3, Thành phố Hồ Chí Minh",,https://www.google.com/maps/place/The+Coffee+Factory/data=!4m7!3m6!1s0x31752f3aade69123:0xf4f0176f69f7cb3d!8m2!3d10.7782374!4d106.6890009!16s%2Fg%2F11b73v3mht!19sChIJI5HmrTovdTERPcv3aW8X8PQ?authuser=0&hl=vi&rclk=1,cà phê ở thành phố hồ chí minh
ChIJ1XTg9WgvdTER9ysnoXmdTcA,The Seat Cafe,,,270,4.5,"Name: PATIO CAFÉ
Link: https://www.google.com/maps/search/PATIO+CAF%C3%89/@10.78894,106.67662299999999?authuser=0&hl=vi&entry=ttu
Reviews: 277 reviews

Name: Circles Cafe
Link: https://www.google.com/maps/search/Circles+Cafe/@10.7894129,106.67680449999999?authuser=0&hl=vi&entry=ttu
Reviews: 118 reviews

Name: Thao coffee
Link: https://www.google.com/maps/search/Thao+coffee/@10.7869994,106.67537659999999?authuser=0&hl=vi&entry=ttu
Reviews: 19 reviews

Name: Cà phê Thời
Link: https://www.google.com/maps/search/C%C3%A0+ph%C3%AA+Th%E1%BB%9Di/@10.786698,106.676625?authuser=0&hl=vi&entry=ttu
Reviews: 2 reviews",http://fb.me/theseatcafe,0987 160 175,,The Seat Cafe (Chủ sở hữu),https://www.google.com/maps/contrib/100130160151361479489,https://lh3.googleusercontent.com/gps-cs-s/AG0ilSzI0TrfhDxzEUkdch88AlklH6s_xrVudnuEZseBbBTIU-X4qaFqpMP5aTmIR9L6iXriYqGb87p0LMMsVlpnAxGHsKM7CMxOKnTLgXBFa3YrAej1vcvkdjgXoJNkSUXXQKQXGHYKvQn8OGQ=s1024,Quán cà phê,Quán cà phê,,,Open All Days,"491/2 Đ. Lê Văn Sỹ, Phường 12, Quận 3, Thành phố Hồ Chí Minh",,https://www.google.com/maps/place/The+Seat+Cafe/data=!4m7!3m6!1s0x31752f68f5e074d5:0xc04d9d79a1272bf7!8m2!3d10.78993!4d106.673713!16s%2Fg%2F11hdss28px!19sChIJ1XTg9WgvdTER9ysnoXmdTcA?authuser=0&hl=vi&rclk=1,cà phê ở thành phố hồ chí minh
ChIJJ_-jD0AvdTERXzXTYdtLZnw,Cà phê NGUYỄN TRẦN,"Cà phê, nước giải khát, hát với nhau",,70,4.4,"Name: Nguyệt Quế Coffee House
Link: https://www.google.com/maps/search/Nguy%E1%BB%87t+Qu%E1%BA%BF+Coffee+House/@10.736194699999999,106.7264648?authuser=0&hl=vi&entry=ttu
Reviews: 302 reviews

Name: Quán Cà Phê - Từ Tây Nguyên
Link: https://www.google.com/maps/search/Qu%C3%A1n+C%C3%A0+Ph%C3%AA+-+T%E1%BB%AB+T%C3%A2y+Nguy%C3%AAn/@10.7308471,106.73305839999999?authuser=0&hl=vi&entry=ttu
Reviews: 54 reviews

Name: Cà Phê Trung Nguyên
Link: https://www.google.com/maps/search/C%C3%A0+Ph%C3%AA+Trung+Nguy%C3%AAn/@10.751078999999999,106.716276?authuser=0&hl=vi&entry=ttu
Reviews: No Reviews reviews",https://www.facebook.com/NTCoffee2019/,0918 833 881,,Cà phê NGUYỄN TRẦN (Chủ sở hữu),https://www.google.com/maps/contrib/101022976279386605330,https://lh3.googleusercontent.com/p/AF1QipNF8qXj_RVHf3zEqAbqmmm25V_P9DzeeqqIWC_B=s1024,Quán cà phê,Quán cà phê,,,Open All Days,"07 Số 35, Khu phố 57, Quận 7, Thành phố Hồ Chí Minh 700000",,https://www.google.com/maps/place/C%C3%A0+ph%C3%AA+NGUY%E1%BB%84N+TR%E1%BA%A6N/data=!4m7!3m6!1s0x31752f400fa3ff27:0x7c664bdb61d3355f!8m2!3d10.7447548!4d106.7163805!16s%2Fg%2F11hz8kwyp0!19sChIJJ_-jD0AvdTERXzXTYdtLZnw?authuser=0&hl=vi&rclk=1,cà phê ở thành phố hồ chí minh
ChIJSULj6RcvdTERp4nfdPsAwWA,Cafe TABAC,,,183,4.5,"Name: Like Coffee - Banh Mi
Link: https://www.google.com/maps/search/Like+Coffee+-+Banh+Mi/@10.7687998,106.6940432?authuser=0&hl=vi&entry=ttu
Reviews: 1592 reviews

Name: Thug Coffee
Link: https://www.google.com/maps/search/Thug+Coffee/@10.7785035,106.6982134?authuser=0&hl=vi&entry=ttu
Reviews: 6 reviews

Name: Central perk saigon homestay and cafe
Link: https://www.google.com/maps/search/Central+perk+saigon+homestay+and+cafe/@10.766451900000002,106.69016800000001?authuser=0&hl=vi&entry=ttu
Reviews: 1 reviews

Name: Cafe 69
Link: https://www.google.com/maps/search/Cafe+69/@10.767110299999999,106.69015689999999?authuser=0&hl=vi&entry=ttu
Reviews: No Reviews reviews",,0908 696 983,,Cafe TABAC (Chủ sở hữu),https://www.google.com/maps/contrib/118270510632898399210,https://lh3.googleusercontent.com/gps-cs-s/AG0ilSwr_GTjm6QLPzSXVATgxNv6QgCFwvD6D19QUf3zfL9-5q6Z_LGW5mWyy-Ut5nEhSXXEdQK_VcQzr7vR05B45GkDRjWLJC4gdFKprBsZYpjti3DqdWH4NAQGC4K1USaUopY2YGPC=s1024,Quán cà phê,Quán cà phê,,,Open All Days,"367 Phạm Ngũ Lão, Phường Phạm Ngũ Lão, Quận 1, Thành phố Hồ Chí Minh",,https://www.google.com/maps/place/Cafe+TABAC/data=!4m7!3m6!1s0x31752f17e9e34249:0x60c100fb74df89a7!8m2!3d10.7670759!4d106.6894642!16s%2Fg%2F11bc7s492y!19sChIJSULj6RcvdTERp4nfdPsAwWA?authuser=0&hl=vi&rclk=1,cà phê ở thành phố hồ chí minh
ChIJiateCOMvdTERzfxV-3qPwKM,1991 Rooftop Coffee & More,1991 rooftop,,124,4.7,"Name: Vietnam Savor Coffee Roasters
Link: https://www.google.com/maps/search/Vietnam+Savor+Coffee+Roasters/@10.789658399999999,106.6917881?authuser=0&hl=vi&entry=ttu
Reviews: 64 reviews

Name: Quan 91 / Cafe 91
Link: https://www.google.com/maps/search/Quan+91+%2F+Cafe+91/@10.7945247,106.688756?authuser=0&hl=vi&entry=ttu
Reviews: 9 reviews

Name: Cafe Trung Nguyên
Link: https://www.google.com/maps/search/Cafe+Trung+Nguy%C3%AAn/@10.7896662,106.6916247?authuser=0&hl=vi&entry=ttu
Reviews: 3 reviews

Name: Nối Rooftop Coffee & Chill
Link: https://www.google.com/maps/search/N%E1%BB%91i+Rooftop+Coffee+%26+Chill/@10.783065599999999,106.6914501?authuser=0&hl=vi&entry=ttu
Reviews: 1 reviews

Name: F-TRUCKS
Link: https://www.google.com/maps/search/F-TRUCKS/@10.7622067,106.6961616?authuser=0&hl=vi&entry=ttu
Reviews: 1 reviews",https://www.facebook.com/1991Rooftop.CoffeeAndMore,0931 163 491,,1991 Rooftop Coffee & More (Chủ sở hữu),https://www.google.com/maps/contrib/103234059919167702496,https://lh3.googleusercontent.com/gps-cs-s/AG0ilSzkuknsaOEu4_Yqq06V_QUiP23CbwWbb6oDuH5FjlgIkNrOzsVVJtQ8EYrE4BrKL5pE-39DpVB4sQh8hSyn5xKcMKImJeyDEnAhnhzRQ-2Gs2at2KzJg77Ul80zBUB9YgJAtuyCMaHd6b8=s1024,Quán cà phê,Quán cà phê,,,Open All Days,"37/4 Đinh Công Tráng, Phường Tân Định, Quận 1, Thành phố Hồ Chí Minh",,https://www.google.com/maps/place/1991+Rooftop+Coffee+%26+More/data=!4m7!3m6!1s0x31752fe3085eab89:0xa3c08f7afb55fccd!8m2!3d10.7891801!4d106.6918506!16s%2Fg%2F11hmr2g7mm!19sChIJiateCOMvdTERzfxV-3qPwKM?authuser=0&hl=vi&rclk=1,cà phê ở thành phố hồ chí minh
ChIJub0CVdYvdTERDEULPcW2sPc,Cà Phê Chất - Vĩnh Hội,,,194,4.1,"Name: Chất Coffee
Link: https://www.google.com/maps/search/Ch%E1%BA%A5t+Coffee/@10.7428589,106.63003549999999?authuser=0&hl=vi&entry=ttu
Reviews: 649 reviews

Name: Chất Coffee
Link: https://www.google.com/maps/search/Ch%E1%BA%A5t+Coffee/@10.764674099999999,106.70529359999999?authuser=0&hl=vi&entry=ttu
Reviews: 278 reviews

Name: Coffee and Food - Cafe Chat
Link: https://www.google.com/maps/search/Coffee+and+Food+-+Cafe+Chat/@10.7558647,106.69333329999999?authuser=0&hl=vi&entry=ttu
Reviews: 218 reviews

Name: Cafe Chất Sài Gòn
Link: https://www.google.com/maps/search/Cafe+Ch%E1%BA%A5t+S%C3%A0i+G%C3%B2n/@10.7672627,106.7077137?authuser=0&hl=vi&entry=ttu
Reviews: 8 reviews

Name: Gia Cat Coffee
Link: https://www.google.com/maps/search/Gia+Cat+Coffee/@10.755395499999999,106.7007349?authuser=0&hl=vi&entry=ttu
Reviews: 1 reviews",https://caphechat.vn/nhuong-quyen-ca-phe/,,,Cà Phê Chất - Vĩnh Hội (Chủ sở hữu),https://www.google.com/maps/contrib/102133532254307717953,https://lh3.googleusercontent.com/gps-cs-s/AG0ilSxPWNg6_IGnOTryH1MzuDTmesjDpUpy-e7zPxXYEDuMNEmDhnoRv1ebqR8JmWwrZ7Yut3r19yU4CLbAePzdc8tRS5z95nHca5NJ_b5FWQivj6FvXjvIJ0J3NOKzKM4FkJ5Dnoef=s1024,Quán cà phê,Quán cà phê,,,Open All Days,"Lô B2 Chung cư, Phường 3, Quận 4, Thành phố Hồ Chí Minh",,https://www.google.com/maps/place/C%C3%A0+Ph%C3%AA+Ch%E1%BA%A5t+-+V%C4%A9nh+H%E1%BB%99i/data=!4m7!3m6!1s0x31752fd65502bdb9:0xf7b0b6c53d0b450c!8m2!3d10.7554803!4d106.7008713!16s%2Fg%2F11ffk257jx!19sChIJub0CVdYvdTERDEULPcW2sPc?authuser=0&hl=vi&rclk=1,cà phê ở thành phố hồ chí minh
ChIJb36HtEcvdTERfQuImhSlchU,Thế Giới Cà Phê Trung Nguyên Legend,"Thế Giới Cà Phê Trung Nguyên Legend là nơi hiện thực hóa hệ giá trị Lối Sống Tỉnh Thức của tập đoàn Trung Nguyên Legend toàn cầu. Đây là ""nơi hội tụ của những tâm hồn lớn,"" mang đến không gian trải nghiệm trọn vẹn tinh hoa 3 Nền Văn Minh Cà Phê và những ly cà phê năng lượng tuyệt hảo.

The World of Coffee Trung Nguyên Legend embodies the value system of the Awakening Lifestyle from the global Trung Nguyên Legend Group. This is the ""Convergence of great minds,"" offering a complete experience of the essence of the Three Coffee Civilizations and exquisite energy coffee cups.",,3513,4.7,"Name: Thế Giới Cà Phê Trung Nguyên Legend
Link: https://www.google.com/maps/search/Th%E1%BA%BF+Gi%E1%BB%9Bi+C%C3%A0+Ph%C3%AA+Trung+Nguy%C3%AAn+Legend/@10.7796361,106.7004213?authuser=0&hl=vi&entry=ttu
Reviews: 850 reviews

Name: Gióng Cafe
Link: https://www.google.com/maps/search/Gi%C3%B3ng+Cafe/@10.7792701,106.7003996?authuser=0&hl=vi&entry=ttu
Reviews: 543 reviews

Name: 레전드 커피
Link: https://www.google.com/maps/search/%EB%A0%88%EC%A0%84%EB%93%9C+%EC%BB%A4%ED%94%BC/@10.7751039,106.7043262?authuser=0&hl=vi&entry=ttu
Reviews: 6 reviews

Name: Trung Nguyên E Coffee 12 Võ Văn Kiệt
Link: https://www.google.com/maps/search/Trung+Nguy%C3%AAn+E+Coffee+12+V%C3%B5+V%C4%83n+Ki%E1%BB%87t/@10.7686473,106.7028019?authuser=0&hl=vi&entry=ttu
Reviews: 2 reviews

Name: Trung Nguyên E_Coffee
Link: https://www.google.com/maps/search/Trung+Nguy%C3%AAn+E_Coffee/@10.8185559,106.63344099999999?authuser=0&hl=vi&entry=ttu
Reviews: 2 reviews",https://trungnguyenlegend.com/,0915 289 932,,Thế Giới Cà Phê Trung Nguyên Legend (Chủ sở hữu),https://www.google.com/maps/contrib/115724501426817874111,https://lh3.googleusercontent.com/p/AF1QipMCicwgQX8soCHyZqfSb27vbToVM5pvxubhcReX=s1024,Quán cà phê,"Quán cà phê, Quầy cà phê, Cửa hàng cà phê, Nhà bán buôn cà phê, Nhà hàng",,,Open All Days,"80 Đồng Khởi, Phường, Quận 1, Thành phố Hồ Chí Minh 70000",,https://www.google.com/maps/place/Th%E1%BA%BF+Gi%E1%BB%9Bi+C%C3%A0+Ph%C3%AA+Trung+Nguy%C3%AAn+Legend/data=!4m7!3m6!1s0x31752f47b4877e6f:0x1572a5149a880b7d!8m2!3d10.7752962!4d106.704029!16s%2Fg%2F1tf054hd!19sChIJb36HtEcvdTERfQuImhSlchU?authuser=0&hl=vi&rclk=1,cà phê ở thành phố hồ chí minh
ChIJw7547zkvdTERPlmwo5nkoU4,Arabica Ho Chi Minh city Roastery,,,572,4,"Name: % Arabica
Link: https://www.google.com/maps/search/%25+Arabica/@10.774085699999999,106.7041064?authuser=0&hl=vi&entry=ttu
Reviews: 3504 reviews

Name: K-ARABICA Specialty Coffee
Link: https://www.google.com/maps/search/K-ARABICA+Specialty+Coffee/@10.792233999999999,106.6663992?authuser=0&hl=vi&entry=ttu
Reviews: 112 reviews

Name: Cà Phê Mây
Link: https://www.google.com/maps/search/C%C3%A0+Ph%C3%AA+M%C3%A2y/@10.7786964,106.699218?authuser=0&hl=vi&entry=ttu
Reviews: 2 reviews

Name: Arabica - Hi cafe
Link: https://www.google.com/maps/search/Arabica+-+Hi+cafe/@10.790575299999999,106.7768759?authuser=0&hl=vi&entry=ttu
Reviews: 1 reviews",https://linktr.ee/arabica.vietnam,028 3535 5381,,Arabica Ho Chi Minh city Roastery (Chủ sở hữu),https://www.google.com/maps/contrib/105426344724955659666,https://lh3.googleusercontent.com/p/AF1QipNYSSJvZaX765zfw61oP9VlDNEQo-OGkSi2G4_s=s1024,Quán cà phê,"Quán cà phê, Cửa hàng cà phê",,,Open All Days,"2 Công trường Công xã Paris, Bến Nghé, Quận 1, Thành phố Hồ Chí Minh",,https://www.google.com/maps/place/Arabica+Ho+Chi+Minh+city+Roastery/data=!4m7!3m6!1s0x31752f39ef78bec3:0x4ea1e499a3b0593e!8m2!3d10.7794729!4d106.7001474!16s%2Fg%2F11txpmg9pq!19sChIJw7547zkvdTERPlmwo5nkoU4?authuser=0&hl=vi&rclk=1,cà phê ở thành phố hồ chí minh
ChIJNSgishMvdTER-EzR7-2ZYnk,LALA Coffee&Tea,"LALA Coffee&Tea

Coffee|Tea|Heathy Dink|Food

Địa chỉ: Shophouse Lô A, chung cư Phú Hoàng Anh, Số 9 Nguyễn Hữu Thọ, Phước Kiển, Nhà Bè, HCM",,885,4.3,"Name: The Coffee Plus
Link: https://www.google.com/maps/search/The+Coffee+Plus/@10.767399099999999,106.7041981?authuser=0&hl=vi&entry=ttu
Reviews: 494 reviews

Name: TUFA CAFE QUẬN 4
Link: https://www.google.com/maps/search/TUFA+CAFE+QU%E1%BA%ACN+4/@10.7642226,106.70353109999999?authuser=0&hl=vi&entry=ttu
Reviews: 341 reviews

Name: MingCha Tea & Coffee - Bến Vân Đồn
Link: https://www.google.com/maps/search/MingCha+Tea+%26+Coffee+-+B%E1%BA%BFn+V%C3%A2n+%C4%90%E1%BB%93n/@10.7580498,106.6933779?authuser=0&hl=vi&entry=ttu
Reviews: 217 reviews

Name: LALA Coffee&Tea
Link: https://www.google.com/maps/search/LALA+Coffee%26Tea/@10.764893,106.70331?authuser=0&hl=vi&entry=ttu
Reviews: 200 reviews

Name: Mya Cafè & Măm Măm
Link: https://www.google.com/maps/search/Mya+Caf%C3%A8+%26+M%C4%83m+M%C4%83m/@10.7571016,106.6919132?authuser=0&hl=vi&entry=ttu
Reviews: 10 reviews",https://www.facebook.com/LALACoffeeTea/,0768 453 854,,LALA Coffee&Tea (Chủ sở hữu),https://www.google.com/maps/contrib/116591690445780760217,https://lh3.googleusercontent.com/p/AF1QipNm74JmyTVtK2fCHC_tFtfmy-RG77w2BZVH-jZy=s1024,Quán cà phê,"Quán cà phê, Tiệm bánh, Quán ăn nhỏ, Cơ sở rang cà phê, Cửa hàng trà",,,Open All Days,"Khu căn hộ Phú Hoàng Anh, Số 9 Nguyễn Hữu Thọ, Phước Kiển, Nhà Bè, Thành phố Hồ Chí Minh 700000",,https://www.google.com/maps/place/LALA+Coffee%26Tea/data=!4m7!3m6!1s0x31752f13b2222835:0x796299edefd14cf8!8m2!3d10.7175779!4d106.7032008!16s%2Fg%2F11f579_4rn!19sChIJNSgishMvdTER-EzR7-2ZYnk?authuser=0&hl=vi&rclk=1,cà phê ở thành phố hồ chí minh
ChIJ3xgFXnMvdTERv51NSc3TUCY,TUFA CAFE QUẬN 4,"𝗧𝗨𝗙𝗔 𝗖𝗔𝗙𝗘 - 𝗧𝘂𝗳𝗮 𝗹𝗮̀ 𝘁𝘂̛̣ 𝗽𝗵𝗮, 𝘁𝘂̛̣ (𝗸𝗵𝗮́𝗺) 𝗽𝗵𝗮́
Một không gian nhỏ nhắn cứ như là ở nhà, một chiếc nhạc thật chill, một ly cà phê tự chính mình pha, mấy chiếc bánh tuổi thơ thân quen. Vừa là nơi tụ họp của nhóm bạn vào dịp cuối tuần, vừa là địa điểm dating cùng người thương, mà những cuộc hẹn với deadline, họp hành cũng “cân” được luôn!",,341,4.9,"Name: LALA Coffee&Tea
Link: https://www.google.com/maps/search/LALA+Coffee%26Tea/@10.7175779,106.70320079999999?authuser=0&hl=vi&entry=ttu
Reviews: 885 reviews

Name: TUFA CAFE GÒ VẤP
Link: https://www.google.com/maps/search/TUFA+CAFE+G%C3%92+V%E1%BA%A4P/@10.8429027,106.65262709999999?authuser=0&hl=vi&entry=ttu
Reviews: 294 reviews

Name: Ta Coffee
Link: https://www.google.com/maps/search/Ta+Coffee/@10.760646,106.7084699?authuser=0&hl=vi&entry=ttu
Reviews: No Reviews reviews

Name: TÁO COFFEE
Link: https://www.google.com/maps/search/T%C3%81O+COFFEE/@10.7570985,106.6918901?authuser=0&hl=vi&entry=ttu
Reviews: No Reviews reviews",https://linktr.ee/tufacafe?utm_source=linktree_profile_share&ltsid=c45b6e16-3c26-46cd-bb6d-ffabf67ac3dd,,,TUFA CAFE QUẬN 4 (Chủ sở hữu),https://www.google.com/maps/contrib/103679756982316246114,https://lh3.googleusercontent.com/gps-cs-s/AG0ilSxtoa-STJiaawNaZjrJKIGZX7fhgYUp-b7yv2Q2bnHoaXNtnQ2WwK0fhPyY3aLySs3Hmo0FNbfH2LAyPcYV_d0naph_fdbWDEw6HxoZgcd4BTcPy-k_bwKWFr22ikROGTt4Seuk=s1024,Quán cà phê,Quán cà phê,,,Open All Days,"89/22 Đoàn Văn Bơ, Phường 13, Quận 4, Thành phố Hồ Chí Minh",,https://www.google.com/maps/place/TUFA+CAFE+QU%E1%BA%ACN+4/data=!4m7!3m6!1s0x31752f735e0518df:0x2650d3cd494d9dbf!8m2!3d10.7642226!4d106.7035311!16s%2Fg%2F11l6rvpc4_!19sChIJ3xgFXnMvdTERv51NSc3TUCY?authuser=0&hl=vi&rclk=1,cà phê ở thành phố hồ chí minh
ChIJcZgMcv0udTERDljfDK9faCY,Cafe 343.,,,1035,4.1,"Name: Em có cafe
Link: https://www.google.com/maps/search/Em+c%C3%B3+cafe/@10.768784799999999,106.6900057?authuser=0&hl=vi&entry=ttu
Reviews: 146 reviews

Name: Sight Coffee
Link: https://www.google.com/maps/search/Sight+Coffee/@10.7707251,106.6927561?authuser=0&hl=vi&entry=ttu
Reviews: 4 reviews

Name: LAM SAIGON
Link: https://www.google.com/maps/search/LAM+SAIGON/@10.7590939,106.6837358?authuser=0&hl=vi&entry=ttu
Reviews: 2 reviews

Name: 13 Coffee Shop
Link: https://www.google.com/maps/search/13+Coffee+Shop/@10.770415500000002,106.6926496?authuser=0&hl=vi&entry=ttu
Reviews: No Reviews reviews

Name: smoothie stand
Link: https://www.google.com/maps/search/smoothie+stand/@10.7708838,106.6931881?authuser=0&hl=vi&entry=ttu
Reviews: No Reviews reviews",https://www.foody.vn/ho-chi-minh/343-cafe,028 3920 0988,1,Cafe 343. (Chủ sở hữu),https://www.google.com/maps/contrib/102533418784060993276,https://lh3.googleusercontent.com/gps-cs-s/AG0ilSx04iC5WGREwveASC5WMXn6dEAYczWDwQuktg6SVUKjZObq2XoRId4lpxl5i6psl1xoFdPPFRVk7Ay5HjNYjDr_oTi4HP2-nx_v1Egh9qU2lgEBB5pqZzrGykOz_MfsdU2gybSd=s1024,Quán cà phê,Quán cà phê,,,Open All Days,"343 Nguyễn Trãi, Phường Nguyễn Cư Trinh, Quận 1, Thành phố Hồ Chí Minh",,https://www.google.com/maps/place/Cafe+343./data=!4m7!3m6!1s0x31752efd720c9871:0x26685faf0cdf580e!8m2!3d10.7613377!4d106.6859934!16s%2Fg%2F1tc_yzpk!19sChIJcZgMcv0udTERDljfDK9faCY?authuser=0&hl=vi&rclk=1,cà phê ở thành phố hồ chí minh
ChIJ4V3JhM8vdTERNmSykEifA7Y,Ola Rooftop Café & Cuisine,"ĐIỂM HẸN VỚI HOÀNG HÔN
Ola Rooftop Café & Cuisine
Ôm trọn Sài Gòn giữa lòng quận 7.
Chần chờ gì nữa, đến ngay bạn nhé!",,107,4.4,"Name: Nắng Rooftop Coffee Quận 7
Link: https://www.google.com/maps/search/N%E1%BA%AFng+Rooftop+Coffee+Qu%E1%BA%ADn+7/@10.7410994,106.70346959999999?authuser=0&hl=vi&entry=ttu
Reviews: 1015 reviews

Name: OH CHILL
Link: https://www.google.com/maps/search/OH+CHILL/@10.7391192,106.71135079999999?authuser=0&hl=vi&entry=ttu
Reviews: 26 reviews

Name: MAK Rooftop Coffee
Link: https://www.google.com/maps/search/MAK+Rooftop+Coffee/@10.733191399999999,106.70139359999999?authuser=0&hl=vi&entry=ttu
Reviews: 7 reviews",,0908 669 962,,Ola Rooftop Café & Cuisine (Chủ sở hữu),https://www.google.com/maps/contrib/110869710006595112260,https://lh3.googleusercontent.com/p/AF1QipOwT1DIpLARqbQ_ArmdcCe1tfXWLkKHhextOmcR=s1024,Quán cà phê,"Quán cà phê, Quán bar cocktail",,,Open All Days,"67 Mai Văn Vĩnh, Tân Quy, Quận 7, Thành phố Hồ Chí Minh",,https://www.google.com/maps/place/Ola+Rooftop+Caf%C3%A9+%26+Cuisine/data=!4m7!3m6!1s0x31752fcf84c95de1:0xb6039f4890b26436!8m2!3d10.7389381!4d106.7138312!16s%2Fg%2F11tx5__6h0!19sChIJ4V3JhM8vdTERNmSykEifA7Y?authuser=0&hl=vi&rclk=1,cà phê ở thành phố hồ chí minh
ChIJ3ym74OovdTERtTYiRYUW1bA,Cộng Cà Phê,"Cộng Cà Phê - nơi kinh doanh dịch vụ giải khát một cách nghiêm túc, nơi mà kí ức và hoài niệm ùa về trong một không gian nghệ thuật được lấy cảm hứng từ xã hội Việt Nam những năm 80 về trước...",,3224,4.6,"Name: Cộng Cà Phê
Link: https://www.google.com/maps/search/C%E1%BB%99ng+C%C3%A0+Ph%C3%AA/@10.796280399999999,106.6908905?authuser=0&hl=vi&entry=ttu
Reviews: 2309 reviews

Name: Cà phê Công Chiện
Link: https://www.google.com/maps/search/C%C3%A0+ph%C3%AA+C%C3%B4ng+Chi%E1%BB%87n/@10.789012099999999,106.691774?authuser=0&hl=vi&entry=ttu
Reviews: 8 reviews

Name: Cộng Quản Lý
Link: https://www.google.com/maps/search/C%E1%BB%99ng+Qu%E1%BA%A3n+L%C3%BD/@10.770811,106.6875347?authuser=0&hl=vi&entry=ttu
Reviews: 5 reviews

Name: Cà Phê Cộng
Link: https://www.google.com/maps/search/C%C3%A0+Ph%C3%AA+C%E1%BB%99ng/@10.744745199999999,106.6753189?authuser=0&hl=vi&entry=ttu
Reviews: 1 reviews",http://congcaphe.com/,0911 866 500,,Cộng Cà Phê (Chủ sở hữu),https://www.google.com/maps/contrib/102667397745415935107,https://lh3.googleusercontent.com/p/AF1QipNuEMwPDR_5e_ysCE57C3hqNZHCqtgmKc99NBtC=s1024,Quán cà phê,Quán cà phê,,,Open All Days,"93 Yersin, Phường Cầu Ông Lãnh, Quận 1, Thành phố Hồ Chí Minh",,https://www.google.com/maps/place/C%E1%BB%99ng+C%C3%A0+Ph%C3%AA/data=!4m7!3m6!1s0x31752feae0bb29df:0xb0d51685452236b5!8m2!3d10.7680879!4d106.6968232!16s%2Fg%2F11g0jf_fpb!19sChIJ3ym74OovdTERtTYiRYUW1bA?authuser=0&hl=vi&rclk=1,cà phê ở thành phố hồ chí minh
ChIJfxbfGTIpdTERPtYezlJCdOs,Lúa Cà Phê | Cà Phê View Đẹp Phú Nhuận,Triển lãm,,256,4.9,"Name: Cafe Lúa Sài Gòn
Link: https://www.google.com/maps/search/Cafe+L%C3%BAa+S%C3%A0i+G%C3%B2n/@10.798374899999999,106.67126169999999?authuser=0&hl=vi&entry=ttu
Reviews: 280 reviews

Name: 5H CAFE
Link: https://www.google.com/maps/search/5H+CAFE/@10.796775499999999,106.6739314?authuser=0&hl=vi&entry=ttu
Reviews: 5 reviews

Name: Lượm Lúa Cà Phê
Link: https://www.google.com/maps/search/L%C6%B0%C6%A1%CC%A3m+Lu%CC%81a+Ca%CC%80+Ph%C3%AA/@10.7969326,106.69150359999999?authuser=0&hl=vi&entry=ttu
Reviews: No Reviews reviews

Name: CL Caffee And…
Link: https://www.google.com/maps/search/CL+Caffee+And%E2%80%A6/@10.794677,106.67668359999999?authuser=0&hl=vi&entry=ttu
Reviews: No Reviews reviews",http://luacaphe.com/,0906 722 221,,Lúa Cà Phê | Cà Phê View Đẹp Phú Nhuận (Chủ sở hữu),https://www.google.com/maps/contrib/109533217119717663173,https://lh3.googleusercontent.com/p/AF1QipNNQ-XqYhcSo8SAoYkIam30JQelyYNxG35F_uya=s1024,Quán cà phê nghệ thuật,Quán cà phê nghệ thuật,,,Open All Days,"140B Đ. Nguyễn Văn Trỗi, Phường 8, Phú Nhuận, Thành phố Hồ Chí Minh 008484",,https://www.google.com/maps/place/L%C3%BAa+C%C3%A0+Ph%C3%AA+%7C+C%C3%A0+Ph%C3%AA+View+%C4%90%E1%BA%B9p+Ph%C3%BA+Nhu%E1%BA%ADn/data=!4m7!3m6!1s0x3175293219df167f:0xeb744252ce1ed63e!8m2!3d10.7983276!4d106.6712603!16s%2Fg%2F11vxcbdpy5!19sChIJfxbfGTIpdTERPtYezlJCdOs?authuser=0&hl=vi&rclk=1,cà phê ở thành phố hồ chí minh
ChIJxQQ9LGovdTERshX_8FijrtE,Chất Coffee,,,278,4.1,"Name: Coffee and Food - Cafe Chat
Link: https://www.google.com/maps/search/Coffee+and+Food+-+Cafe+Chat/@10.7558647,106.69333329999999?authuser=0&hl=vi&entry=ttu
Reviews: 218 reviews

Name: Cà Phê Chất - Vĩnh Hội
Link: https://www.google.com/maps/search/C%C3%A0+Ph%C3%AA+Ch%E1%BA%A5t+-+V%C4%A9nh+H%E1%BB%99i/@10.7554803,106.70087129999999?authuser=0&hl=vi&entry=ttu
Reviews: 194 reviews

Name: VIỆT COFFEE
Link: https://www.google.com/maps/search/VI%E1%BB%86T+COFFEE/@10.764735,106.704928?authuser=0&hl=vi&entry=ttu
Reviews: 59 reviews

Name: 58 Coffee
Link: https://www.google.com/maps/search/58+Coffee/@10.7651995,106.7047812?authuser=0&hl=vi&entry=ttu
Reviews: 42 reviews

Name: Cafe Chất Sài Gòn
Link: https://www.google.com/maps/search/Cafe+Ch%E1%BA%A5t+S%C3%A0i+G%C3%B2n/@10.7672627,106.7077137?authuser=0&hl=vi&entry=ttu
Reviews: 8 reviews",http://www.facebook.com/chatcoffee,028 6682 2373,1,Chất Coffee (Chủ sở hữu),https://www.google.com/maps/contrib/103632928600202708569,https://lh3.googleusercontent.com/gps-cs-s/AG0ilSwX6jbmMy_eT2XJ3_gram_oZfbkDFyOHsdmM0oJy0YXRgPPdOTiIPBaaj8BmaitAllPop0jPk5Wwn5DOiWq7JD2uR8XuxUtRpzjXLHO_ovcOLve91sNRrCv8Ihalq_MQaD0bFfYbA=s1024,Quán cà phê,Quán cà phê,,,Open All Days,"85 Đ. Nguyễn Trường Tộ, Phường 12, Quận 4, Thành phố Hồ Chí Minh",,https://www.google.com/maps/place/Ch%E1%BA%A5t+Coffee/data=!4m7!3m6!1s0x31752f6a2c3d04c5:0xd1aea358f0ff15b2!8m2!3d10.7646741!4d106.7052936!16s%2Fg%2F11bzzy1mzy!19sChIJxQQ9LGovdTERshX_8FijrtE?authuser=0&hl=vi&rclk=1,cà phê ở thành phố hồ chí minh
ChIJvetnqxcvdTERzSe2czoE3qw,Thức Coffee - OPEN 24/7,"Đến với Thức Coffee, một ngày trọn vẹn 24H.
""At Thức, the life goes on 24/7""
#thuccoffee247 #AtThucthelifegoeson247",,282,3.8,"Name: The Coffee House - Đường 41
Link: https://www.google.com/maps/search/The+Coffee+House+-+%C4%90%C6%B0%E1%BB%9Dng+41/@10.7587567,106.7004894?authuser=0&hl=vi&entry=ttu
Reviews: 1207 reviews

Name: Thức coffee - OPEN 24/7
Link: https://www.google.com/maps/search/Th%E1%BB%A9c+coffee+-+OPEN+24%2F7/@10.763822399999999,106.6904737?authuser=0&hl=vi&entry=ttu
Reviews: 372 reviews

Name: Cận Caffe
Link: https://www.google.com/maps/search/C%E1%BA%ADn+Caffe/@10.7562569,106.7044914?authuser=0&hl=vi&entry=ttu
Reviews: 5 reviews

Name: True Cafe
Link: https://www.google.com/maps/search/True+Cafe/@10.756012,106.70493859999999?authuser=0&hl=vi&entry=ttu
Reviews: 1 reviews

Name: Cà phê Phúc Lộc Thọ
Link: https://www.google.com/maps/search/C%C3%A0+ph%C3%AA+Ph%C3%BAc+L%E1%BB%99c+Th%E1%BB%8D/@10.763155099999999,106.70594320000001?authuser=0&hl=vi&entry=ttu
Reviews: 1 reviews",http://www.thuccoffee.com.vn/,028 6275 4531,,Thức Coffee - OPEN 24/7 (Chủ sở hữu),https://www.google.com/maps/contrib/109787646772339075489,https://lh3.googleusercontent.com/gps-cs-s/AG0ilSwQCPjZCbNhe0iNWxyei61gcBXypQAhwHW4g-J2rR0bgx-AZM4QpUE4zDczxqektpdQAhEsDj-rxPHlXTje0ZBpagNkWJgnsGSzV7J-lfzKBC4FI7q1m79tbyj9qPAHvBhFyiKkYNG7LnZH=s1024,Quán cà phê,Quán cà phê,,,Open All Days,"2 Đ. Số 41, Phường 9, Quận 4, Thành phố Hồ Chí Minh 700000",,https://www.google.com/maps/place/Th%E1%BB%A9c+Coffee+-+OPEN+24%2F7/data=!4m7!3m6!1s0x31752f17ab67ebbd:0xacde043a73b627cd!8m2!3d10.7581886!4d106.7003057!16s%2Fg%2F11td0nhdkn!19sChIJvetnqxcvdTERzSe2czoE3qw?authuser=0&hl=vi&rclk=1,cà phê ở thành phố hồ chí minh
ChIJnxOUdKcvdTER2q9wWsl22gE,SHIN Heritage,"SHIN HERITAGE - Nơi khơi nguồn cho một trải nghiệm chân thành về cà phê, nơi kế thừa di sản cà phê Việt Nam và Thế Giới.",,383,4.6,"Name: Cà phê Linh
Link: https://www.google.com/maps/search/C%C3%A0+ph%C3%AA+Linh/@10.7713482,106.69643330000001?authuser=0&hl=vi&entry=ttu
Reviews: 1495 reviews

Name: Hidden Nest Cafe
Link: https://www.google.com/maps/search/Hidden+Nest+Cafe/@10.7705547,106.6918705?authuser=0&hl=vi&entry=ttu
Reviews: 189 reviews

Name: Shin Coffee
Link: https://www.google.com/maps/search/Shin+Coffee/@10.813514699999999,106.66855580000001?authuser=0&hl=vi&entry=ttu
Reviews: 24 reviews

Name: Shin Coffee & Tea
Link: https://www.google.com/maps/search/Shin+Coffee+%26+Tea/@10.8027416,106.714883?authuser=0&hl=vi&entry=ttu
Reviews: 4 reviews

Name: S.H.E Coffee & Spa
Link: https://www.google.com/maps/search/S.H.E+Coffee+%26+Spa/@10.761530299999999,106.6919661?authuser=0&hl=vi&entry=ttu
Reviews: No Reviews reviews",https://shincaphe.com/,,,SHIN Heritage (Chủ sở hữu),https://www.google.com/maps/contrib/101774485035792195092,https://lh3.googleusercontent.com/p/AF1QipP1q7sPqMaYo8Z4gZmsDQrz9V1xtT9Y2NUzRjh2=s1024,Quán cà phê,Quán cà phê,,,Open All Days,"27 Lưu Văn Lang, Phường Bến Thành, Quận 1, Thành phố Hồ Chí Minh 700000",,https://www.google.com/maps/place/SHIN+Heritage/data=!4m7!3m6!1s0x31752fa77494139f:0x1da76c95a70afda!8m2!3d10.7732377!4d106.6990638!16s%2Fg%2F11ddt3_65l!19sChIJnxOUdKcvdTER2q9wWsl22gE?authuser=0&hl=vi&rclk=1,cà phê ở thành phố hồ chí minh
ChIJTzZ9aoIvdTER0fc5Rj6Hl_g,Cà Phê Sân Vườn Du Mục,"Không gian lý tưởng để học tập, làm việc và gặp gỡ những ý tưởng mới",,875,4,"Name: Cafe đường 47
Link: https://www.google.com/maps/search/Cafe+%C4%91%C6%B0%C6%A1%CC%80ng+47/@10.7419694,106.71579430000001?authuser=0&hl=vi&entry=ttu
Reviews: 103 reviews

Name: Cafe _ Vườn Sen Đá Newlife Tree
Link: https://www.google.com/maps/search/Cafe+_+V%C6%B0%E1%BB%9Dn+Sen+%C4%90%C3%A1+Newlife+Tree/@10.7390645,106.7032626?authuser=0&hl=vi&entry=ttu
Reviews: 1 reviews

Name: Cà Phê Muối - Matcha Latte 51 Lâm Văn Bền Quận 7
Link: https://www.google.com/maps/search/C%C3%A0+Ph%C3%AA+Mu%E1%BB%91i+-+Matcha+Latte+51+L%C3%A2m+V%C4%83n+B%E1%BB%81n+Qu%E1%BA%ADn+7/@10.748308699999999,106.71594359999999?authuser=0&hl=vi&entry=ttu
Reviews: No Reviews reviews

Name: Cma Coffee
Link: https://www.google.com/maps/search/Cma+Coffee/@10.7475726,106.7159417?authuser=0&hl=vi&entry=ttu
Reviews: No Reviews reviews",,0977 049 931,,Cà Phê Sân Vườn Du Mục (Chủ sở hữu),https://www.google.com/maps/contrib/109560487589988089633,https://lh3.googleusercontent.com/gps-cs-s/AG0ilSyvqVZ6VP9H-THu9XRojItGSDGA6Y2jTg94xmwsRCRTiVVAfvpTNSeRqNtxSs7s-rF1ZGmV8U2iAC8Alc3PNsytEA6T0IRsMRe2R4JmvI2_A-9_0k01HqCUzV_XjvL8Et9d_MEj=s1024,Quán cà phê,Quán cà phê,,,Open All Days,"134 Đ. Lâm Văn Bền, Tân Quy, Quận 7, Thành phố Hồ Chí Minh",,https://www.google.com/maps/place/C%C3%A0+Ph%C3%AA+S%C3%A2n+V%C6%B0%E1%BB%9Dn+Du+M%E1%BB%A5c/data=!4m7!3m6!1s0x31752f826a7d364f:0xf897873e4639f7d1!8m2!3d10.7436007!4d106.7157034!16s%2Fg%2F1tfglx3z!19sChIJTzZ9aoIvdTER0fc5Rj6Hl_g?authuser=0&hl=vi&rclk=1,cà phê ở thành phố hồ chí minh
ChIJZ4GXUoUvdTERgh5bRDON32c,Đồng Cafe - Trần Hưng Đạo,KEPA Coffee - Góc cà phê bình yên giữa lòng Sài Gòn,,792,4.8,"Name: Cafe Tèo premium - Quận 1
Link: https://www.google.com/maps/search/Cafe+T%C3%A8o+premium+-+Qu%E1%BA%ADn+1/@10.7594199,106.6875251?authuser=0&hl=vi&entry=ttu
Reviews: 553 reviews

Name: Gờ Cafe - Trần Hưng Đạo
Link: https://www.google.com/maps/search/G%E1%BB%9D+Cafe+-+Tr%E1%BA%A7n+H%C6%B0ng+%C4%90%E1%BA%A1o/@10.7568576,106.6863628?authuser=0&hl=vi&entry=ttu
Reviews: 184 reviews

Name: Leo Coffee & Tea (Trần Hưng Đạo)
Link: https://www.google.com/maps/search/Leo+Coffee+%26+Tea+(Tr%E1%BA%A7n+H%C6%B0ng+%C4%90%E1%BA%A1o)/@10.7618603,106.68960469999999?authuser=0&hl=vi&entry=ttu
Reviews: 167 reviews

Name: H.A.N.D COFFEE
Link: https://www.google.com/maps/search/H.A.N.D+COFFEE/@10.7595569,106.6887418?authuser=0&hl=vi&entry=ttu
Reviews: 41 reviews

Name: CAFE SAIGON LÁ
Link: https://www.google.com/maps/search/CAFE+SAIGON+L%C3%81/@10.756895199999999,106.6865851?authuser=0&hl=vi&entry=ttu
Reviews: 2 reviews",,0903 891 553,,Đồng Cafe - Trần Hưng Đạo (Chủ sở hữu),https://www.google.com/maps/contrib/112518937121211350277,https://lh3.googleusercontent.com/p/AF1QipMhO9VNWm70h-6Ba8LO_k9nBg-LfiBSES6N3SM=s1024,Quán cà phê,Quán cà phê,,,Open All Days,"286/1A Trần Hưng Đạo, Phường Nguyễn Cư Trinh, Quận 1, Thành phố Hồ Chí Minh 800000",,https://www.google.com/maps/place/%C4%90%E1%BB%93ng+Cafe+-+Tr%E1%BA%A7n+H%C6%B0ng+%C4%90%E1%BA%A1o/data=!4m7!3m6!1s0x31752f8552978167:0x67df8d33445b1e82!8m2!3d10.7579859!4d106.6857981!16s%2Fg%2F11jly8dw1q!19sChIJZ4GXUoUvdTERgh5bRDON32c?authuser=0&hl=vi&rclk=1,cà phê ở thành phố hồ chí minh
ChIJ23oBRKMvdTERM67ZwwB0UAg,Tonkin Egg Coffee & Vietnamese Delights,"Tonkin Egg Coffee is where tradition meets creativity in every cup. Inspired by the iconic Vietnamese egg coffee, we bring you a velvety blend of strong coffee and a creamy egg foam that tastes like no other. At Tonkin, each cup is more than a drink—it’s a cultural experience, crafted with care to honor Vietnam’s heritage while welcoming the world to discover its unique flavors.",,1270,4.9,"Name: Little HaNoi Egg Coffee (Yersin)
Link: https://www.google.com/maps/search/Little+HaNoi+Egg+Coffee+(Yersin)/@10.7694043,106.6960112?authuser=0&hl=vi&entry=ttu
Reviews: 4681 reviews",http://tonkin.coffee/,0815 841 909,,Tonkin Egg Coffee & Vietnamese Delights (Chủ sở hữu),https://www.google.com/maps/contrib/116295582609706473477,https://lh3.googleusercontent.com/p/AF1QipP6n7_PzykSQ-sZ4bAzSj02AglSiagdsJA98bXJ=s1024,Quán cà phê,Quán cà phê,,,Open All Days,"1 Lê Thị Riêng, Phường Phạm Ngũ Lão, Quận 1, Thành phố Hồ Chí Minh 700000",,https://www.google.com/maps/place/Tonkin+Egg+Coffee+%26+Vietnamese+Delights/data=!4m7!3m6!1s0x31752fa344017adb:0x8507400c3d9ae33!8m2!3d10.7713274!4d106.6925654!16s%2Fg%2F11w3lsp43d!19sChIJ23oBRKMvdTERM67ZwwB0UAg?authuser=0&hl=vi&rclk=1,cà phê ở thành phố hồ chí minh
ChIJA9dWRvEvdTERNN2-EKadvug,The Yuson Tea & Coffee,"Yuson Tea&Coffee không chỉ đơn thuần là một quán cà phê thông thường mà là điểm đến dành cho những ai muốn thưởng thức những món nước được làm ra từ những nguyên liệu thượng hạng. Bởi vì chúng tôi tin rằng mỗi ly nước không chỉ để giải khát, mà còn là trải nghiệm tinh tế. Khi thưởng thức những món nước tại Yuson, bạn sẽ cảm nhận rõ từng tầng vị, từ hậu vị ngọt nhẹ đến dư âm thanh mát.

Hãy đến trải nghiệm ngay hôm nay để chính bạn cảm nhận chất lượng mà Yuson mang lại. Chúng tôi mong được phục vụ và đồng hành cùng bạn trong hành trình khám phá hương vị nguyên bản thượng hạng!",,608,4.9,"Name: The Coffee Plus
Link: https://www.google.com/maps/search/The+Coffee+Plus/@10.767399099999999,106.7041981?authuser=0&hl=vi&entry=ttu
Reviews: 494 reviews

Name: Sâm Coffee
Link: https://www.google.com/maps/search/S%C3%A2m+Coffee/@10.7551583,106.6921268?authuser=0&hl=vi&entry=ttu
Reviews: 15 reviews

Name: Uống Tea & Coffee
Link: https://www.google.com/maps/search/U%E1%BB%91ng+Tea+%26+Coffee/@10.7562894,106.7039997?authuser=0&hl=vi&entry=ttu
Reviews: 1 reviews

Name: TeAmo Tôn Đản
Link: https://www.google.com/maps/search/TeAmo+T%C3%B4n+%C4%90%E1%BA%A3n/@10.759056099999999,106.70691939999999?authuser=0&hl=vi&entry=ttu
Reviews: No Reviews reviews",https://www.facebook.com/yuson.tea.coffee,0963 202 635,,The Yuson Tea & Coffee (Chủ sở hữu),https://www.google.com/maps/contrib/111295632563990970937,https://lh3.googleusercontent.com/p/AF1QipNF5Z7UxZaXIgw8hfjMvjmz0sts1CtZ6yDPTl5v=s1024,Quán cà phê,Quán cà phê,,,Open All Days,"273B Đ. Tôn Đản, Phường 15, Quận 4, Thành phố Hồ Chí Minh 700000",,https://www.google.com/maps/place/The+Yuson+Tea+%26+Coffee/data=!4m7!3m6!1s0x31752ff14656d703:0xe8be9da610bedd34!8m2!3d10.755682!4d106.706088!16s%2Fg%2F11t7m7v89b!19sChIJA9dWRvEvdTERNN2-EKadvug?authuser=0&hl=vi&rclk=1,cà phê ở thành phố hồ chí minh
